date,Sentiment,Reporting,Movement,Actions,Information,Miscellaneous,Preparation,Other
2012-10-26 06:35:05,"","","","","","","",""
2012-11-03 19:22:21,"","","","","","","",""
2012-11-02 11:07:50,"",Other_Non_Natural_Environment,"","","","","",""
2012-11-05 10:38:02,"","","","","","","",""
2012-10-26 11:46:16,"","","","","","","",""
2012-10-23 13:36:31,"","","","","","","",""
2012-11-05 13:22:31,"","","","","","","",""
2012-11-06 21:52:18,"","","","","","","",""
2012-10-23 20:59:41,"","","","","","","",""
2012-10-25 19:41:40,"","","","",Pass_On_Information,"",Considering_Plans,""
2012-10-28 10:26:41,"",External_Natural_Environment,"","","","","",""
2012-11-05 05:57:04,"","","","","","","",""
2012-11-01 21:04:29,"","","","","","","",""
2012-11-05 07:44:55,"","","","","","","",""
2012-10-25 15:34:34,"","","","","","","",""
2012-10-31 09:04:07,"","","","","","","",""
2012-10-27 18:08:18,"","","","","","","",""
2012-10-28 19:43:46,"","","","","","","",""
2012-10-23 13:29:02,"","","","","","","",""
2012-10-26 22:43:33,"","","","","","","",""
2012-11-02 15:54:44,"",Immediate_Personal_Environment,"","",Pass_On_Information,"","",""
2012-11-05 10:44:25,Positive_Coping,What_Others_Are_Doing,"","",Pass_On_Information,"","",""
2012-10-25 09:20:09,"","","","","","","",""
2012-11-06 13:45:18,"","","","","","","",""
2012-10-30 16:35:39,"","","","","","","",""
2012-10-31 11:55:15,"","","","","","","",""
2012-11-04 10:20:07,"","","","","","","",""
2012-11-04 11:15:37,"","","","","","","",""
2012-11-03 20:37:16,"","","","","","","",""
2012-10-29 09:30:16,"","","","","","","",""
2012-10-28 10:32:16,"","","","","","","",""
2012-11-05 06:24:38,"","","","","","","",""
2012-10-31 00:33:50,"",External_Natural_Environment,"","","","","",""
2012-11-06 20:32:15,"","","","","","","",""
2012-10-28 00:10:02,"","","","","","","",""
2012-10-31 19:20:16,"","","","","","","",""
2012-10-25 14:12:01,"","","","","","","",""
2012-10-23 22:19:59,"","","","","","","",""
2012-10-25 08:56:12,"","","","","","","",""
2012-10-27 23:19:58,"","","","","","","",""
2012-11-04 17:17:00,"","","","","","","",""
2012-11-06 17:47:27,"","","","","","","",""
2012-11-01 20:05:55,"","","","",Seek_Information,"","",""
2012-10-31 17:38:32,"","","","","","","",""
2012-11-06 11:29:05,"","","","","","","",""
2012-10-26 12:35:26,"","","","","","","",""
2012-10-29 13:20:28,"","","","","","","",""
2012-11-02 12:00:03,"","","","","","","",""
2012-10-23 11:47:02,"","","","","","","",""
2012-10-28 15:53:06,"","","","","","","",""
2012-10-26 05:50:24,"","","","","","","",""
2012-11-06 22:56:33,"","","","","","","",""
2012-10-23 01:11:31,"","","","","","","",""
2012-11-06 23:47:57,"","","","","","","",""
2012-10-25 17:22:59,"","","","","","","",""
2012-10-28 11:09:18,"","","","","","","",Other
2012-11-05 16:10:31,"","","","","","","",""
2012-10-27 15:23:35,"","","","","","","",""
2012-11-04 14:30:30,"","","","","","","",""
2012-10-22 12:16:34,"","","","","","","",""
2012-11-02 16:38:29,"",Immediate_Personal_Environment,"",Power_For_Life,"","","",""
2012-10-27 13:08:32,"","","","","","","",""
2012-11-06 05:30:59,"","","","","","","",""
2012-10-22 10:01:55,"","","","","","","",""
2012-11-01 21:17:14,"",Other_Non_Natural_Environment,"",Power_For_Life,Pass_On_Information,"","",""
2012-11-04 17:26:49,"","","","","","","",""
2012-11-06 16:55:55,"",Other_Non_Natural_Environment,"","","","","",""
2012-10-22 20:53:49,"","","","","","","",""
2012-10-28 15:20:13,"","","","","","","",""
2012-10-29 19:43:09,"","","","","","","",""
2012-10-25 16:36:00,"","","","","","","",""
2012-11-06 23:16:22,"","","","","","","",""
2012-11-02 16:37:34,"","","","","","","",""
2012-10-26 13:53:11,"","","","","","","",""
2012-10-29 15:46:10,Frustrated,Immediate_Personal_Environment,"","","","","",""
2012-11-04 13:53:33,"",Immediate_Personal_Environment,"","","","","",""
2012-10-29 10:42:46,Frustrated,"","","","","","",""
2012-11-05 16:40:15,"","","","","","","",""
2012-10-27 12:26:06,"","","","","","","",""
2012-11-06 00:13:09,"","","","","","","",""
2012-10-28 01:21:13,"","","","","","","",""
2012-10-24 10:28:46,"","","","","","","",""
2012-11-04 14:24:37,"","","","","","","",""
2012-10-28 22:47:01,Positive_Coping,"","","","","","",""
2012-10-28 12:04:23,"","","","","","","",""
2012-10-23 13:16:08,"","","","","","","",""
2012-11-06 17:55:47,"","","","","","","",""
2012-10-29 21:55:41,"",What_Others_Are_Doing,"","",Pass_On_Information,"","",""
2012-10-29 22:47:56,"","","","","","","",""
2012-10-27 14:27:55,"","","","","","","",""
2012-10-29 16:00:06,"","","","","","","",""
2012-10-25 20:52:08,"","","","","","","",""
2012-11-06 11:07:35,"",Immediate_Personal_Environment,"",Power_For_Communication,"","","",""
2012-11-06 23:42:21,"","","","","","","",""
2012-10-27 12:52:39,"","","","","","","",""
2012-10-30 22:36:24,"","","","","","","",""
2012-10-30 22:31:54,"","","","","","","",""
2012-10-23 10:44:23,"","","","","","","",""
2012-10-22 16:24:15,"","","","","","","",""
2012-11-05 15:49:09,"","","","","","","",""
2012-10-27 23:39:32,"","","","","","","",""
2012-11-02 18:42:46,"","","","","","","",""
2012-11-02 11:18:02,Positive_Coping,Other_Non_Natural_Environment,"","","","","",""
2012-10-24 15:01:30,"","","","","","","",""
2012-11-06 20:38:03,"","","","","","","",""
2012-11-03 09:06:33,"","","","",Pass_On_Information,"","",""
2012-10-27 10:06:11,"","","","","","","",""
2012-10-29 09:33:08,"","","","","","","",""
2012-11-02 12:31:52,"","","","","","","",""
2012-10-23 06:14:06,"","","","","","","",""
2012-11-01 23:16:30,Positive_Coping,"","","",Pass_On_Information,"","",""
2012-10-28 12:54:50,"","","","","","","",""
2012-11-01 21:38:12,Frustrated,Immediate_Personal_Environment,"",Power_For_Life,"","","",""
2012-10-30 16:38:21,"",External_Natural_Environment,"","",Pass_On_Information,"","",""
2012-11-06 21:01:05,"","","","","","","",""
2012-10-29 21:43:30,"","","","","","","",""
2012-11-05 21:56:03,"","","","","","","",""
2012-11-01 16:55:42,"","","","","","","",""
2012-11-01 19:58:08,"","","","",Pass_On_Information,"","",""
2012-11-01 06:57:12,"","","","","","","",""
2012-10-22 07:36:24,"","","","","","","",""
2012-11-06 15:53:27,"","","","","","","",""
2012-11-02 11:55:47,Frustrated,"","","","","","",""
2012-10-27 00:46:46,"","","","","","","",""
2012-10-27 15:18:33,"","","","","","","",""
2012-11-04 00:16:30,"","","","","","","",""
2012-10-25 23:57:32,"","","","","","","",""
2012-11-06 22:40:22,"","","","","","","",""
2012-11-05 12:24:28,"","","","","","","",""
2012-10-29 12:31:01,"",External_Natural_Environment,"","",Pass_On_Information,"","",""
2012-10-29 07:36:53,"","","","","","","",""
2012-10-23 07:29:20,"","","","","","","",""
2012-10-24 21:27:46,"","","","","","","",""
2012-11-06 21:18:08,"","","","","","","",""
2012-10-24 23:58:08,"","","","","","","",""
2012-11-05 18:56:00,"","","","","","","",""
2012-11-04 12:45:25,"","","","","","","",""
2012-10-30 14:47:43,"","","","","","","",""
2012-10-29 13:09:28,"","","","","","","",""
2012-11-06 21:24:48,"","","","","","","",""
2012-11-04 06:32:29,"","","","","","","",""
2012-10-25 00:01:57,"","","","","","","",""
2012-10-26 09:58:22,"","","","","","","",""
2012-10-31 19:02:49,"","","","","","","",""
2012-10-29 14:51:17,"","","",Booze,"","","",""
2012-11-06 23:36:44,"","","","","","","",""
2012-11-03 19:50:07,"","","","","","","",""
2012-10-22 06:39:47,"","","","","","","",""
2012-10-27 14:26:57,"","","","","","","",""
2012-11-05 22:27:29,"","","","","","","",""
2012-10-23 17:08:05,"","","","","","","",""
2012-10-29 21:35:36,"","","","","","","",""
2012-11-05 08:22:30,"","","","","","","",""
2012-11-06 17:16:42,"","","","","","","",""
2012-11-06 09:32:56,"","","","","","","",""
2012-10-24 17:08:21,"","","","","","","",""
2012-11-05 09:17:31,"","","","","","","",""
2012-10-28 13:01:50,"","","","","","","",""
2012-11-05 14:23:19,"","","","","","","",""
2012-10-28 15:43:26,"","","","","","","",""
2012-10-26 19:36:25,"","","","","","","",""
2012-10-27 17:35:09,"","","","","","","",""
2012-10-27 12:14:16,"","","","","","","",""
2012-10-27 16:54:56,"","","","","","","",""
2012-10-22 18:20:10,"","","","","","","",""
2012-11-04 13:15:38,"","","","","","","",""
2012-10-30 17:00:25,"","","","","","","",""
2012-11-03 09:35:39,"","","","","","","",""
2012-10-26 04:10:59,"","","","","","","",""
2012-10-22 07:47:30,"","","","","","","",""
2012-10-28 14:49:11,"","","","","","","",""
2012-10-28 23:10:54,"","","","","","","",""
2012-10-30 17:19:57,"","","","","","","",""
2012-11-03 19:59:14,"","","","","","","",""
2012-10-25 11:56:59,"","","","","","","",""
2012-10-23 13:11:38,"","","","","","","",""
2012-10-28 22:45:34,"","","","","","","",""
2012-10-30 15:00:44,"","","","","","","",""
2012-10-25 06:08:43,"","","","","","","",""
2012-11-05 14:04:00,"","","","","","","",""
2012-11-01 14:52:25,"","","","","","","",""
2012-11-06 17:54:06,"","","","","","","",""
2012-11-05 15:42:13,"","","","","","","",""
2012-10-24 21:52:24,"","","","","","","",""
2012-10-22 06:24:48,"","","","","","","",""
2012-10-29 12:26:42,"",Immediate_Personal_Environment,"","","","","",""
2012-10-28 10:18:11,"","","","","","","",""
2012-11-04 15:07:12,"","","","","","","",""
2012-10-28 15:52:03,Humor,"","","","","","",""
2012-10-24 10:59:16,"","","","","","","",""
2012-10-23 16:43:53,"","","","","","","",""
2012-10-23 13:52:54,"","","","","","","",""
2012-10-30 05:29:53,"","","","",Seek_Information,"","",""
2012-11-03 16:19:10,"","","","","","","",""
2012-11-05 06:55:42,"","","","","","","",""
2012-10-26 08:56:45,"","","","","","","",""
2012-11-06 20:43:16,"","","","","","","",""
2012-10-28 12:05:39,"","","","","","","",""
2012-10-25 07:26:05,"","","","","","","",""
2012-11-06 22:26:45,"","","","","","","",""
2012-11-03 08:52:29,"","","","","","","",""
2012-11-04 06:08:38,"","","","","","","",""
2012-10-22 10:39:56,"","","","","","","",""
2012-11-02 08:28:06,"","","","","","","",""
2012-11-01 12:20:48,"","","","","","","",""
2012-11-02 06:46:51,"","","","","","","",""
2012-10-28 22:04:40,"","","","","","","",""
2012-10-27 08:59:01,"","","","","","","",""
2012-10-26 09:30:57,"","","","","","","",""
2012-10-31 17:10:26,"","","","","","","",""
2012-10-28 21:27:07,"","","","","","","",""
2012-10-26 09:28:53,"","","","","","","",""
2012-10-22 18:09:18,"","","","","","","",""
2012-10-28 20:17:28,"","","","","","","",""
2012-10-26 19:53:10,"","","","","","","",""
2012-11-01 14:04:11,"","","","","","","",""
2012-11-05 14:38:48,"","","","","","","",""
2012-10-31 00:32:23,"",External_Natural_Environment,"","","","","",""
2012-10-23 13:36:16,"","","","","","","",""
2012-10-28 08:50:43,"","","","","","","",""
2012-10-25 08:00:56,"","","","","","","",""
2012-10-31 22:20:36,"","","","","","","",""
2012-10-29 12:38:30,"","","","","","","",""
2012-10-30 19:28:51,"","","","","","","",""
2012-10-31 18:44:57,"","","","","","","",""
2012-10-22 15:07:07,"","","","","","","",""
2012-10-26 23:28:42,"","","","","","","",""
2012-10-29 09:23:37,"","","","","","","",""
2012-10-29 20:21:55,"","","",Booze,"","","",""
2012-11-05 18:56:27,"","","","","","","",""
2012-10-29 13:48:50,"","","",Power_For_Communication,"","","",""
2012-10-28 01:58:03,"","","","","","","",""
2012-10-30 14:12:25,"","","","","","","",""
2012-10-24 13:21:36,"","","","","","","",""
2012-10-28 19:28:26,"","","","","","","",""
2012-10-29 10:38:31,"","","","","","","",""
2012-10-31 08:53:31,"","","","","","","",Other
2012-10-29 13:57:44,"",Other_Non_Natural_Environment,"","","","","",""
2012-10-24 20:19:38,"","","","","","","",""
2012-11-04 05:16:31,"","","","","","","",""
2012-10-30 00:52:38,"",Other_Non_Natural_Environment,"","",Pass_On_Information,"","",""
2012-10-24 21:58:06,"","","","","","","",""
2012-11-04 10:19:05,"","","","","","","",""
2012-10-22 16:23:14,"","","","","","","",""
2012-10-28 23:17:06,"","","","","","","",""
2012-11-06 14:53:38,"","","","","","","",""
2012-10-27 22:37:17,"","","","","","","",""
2012-11-06 23:15:11,"","","","","","","",""
2012-10-26 04:37:17,"","","","","","","",""
2012-11-01 10:30:17,"","","","","","","",""
2012-11-05 21:31:25,"","","","","","","",""
2012-10-24 16:53:14,"","","","","","","",""
2012-11-03 14:25:40,"","","","","","","",""
2012-10-28 21:52:24,"","","","","","","",""
2012-11-04 19:11:09,"","","","","","","",""
2012-10-30 12:51:18,"","","","","","","",""
2012-10-23 11:47:35,"","","","","","","",""
2012-10-29 14:15:46,"","","","","","","",""
2012-11-01 21:18:07,"","","","","","","",""
2012-10-25 06:31:17,"","","","","","","",""
2012-11-05 12:46:20,"","","","","","","",""
2012-10-27 22:25:02,"","","","","","","",""
2012-10-28 16:48:39,"","","","","","","",""
2012-10-29 12:23:48,"",Other_Non_Natural_Environment,"","","","","",""
2012-11-06 21:17:28,"","","","","","","",""
2012-11-03 21:06:50,"","","","","","","",""
2012-11-02 19:34:14,"","","",Booze,"","","",""
2012-11-01 21:43:41,"","","","","","","",""
2012-10-24 21:47:30,"","","","","","","",""
2012-11-06 21:35:24,"","","","","","","",""
2012-10-24 10:53:05,"","","","","","","",""
2012-11-04 19:16:51,"","","","","","","",""
2012-10-28 17:33:31,"","","","","","","",""
2012-11-06 23:51:12,"","","","","","","",""
2012-11-06 23:11:54,"","","","","","","",""
2012-10-29 20:40:44,"",External_Natural_Environment,"","","","","",""
2012-10-29 18:19:21,"",External_Natural_Environment,"","","","","",""
2012-10-29 16:04:57,"","","","","","","",""
2012-11-03 19:38:49,"","","","","","","",""
2012-10-25 14:18:02,"","","","","","","",""
2012-10-26 09:35:27,"","","","","","","",""
2012-11-03 18:34:19,"","","","","","","",""
2012-11-03 23:40:09,"","","","","","","",""
2012-10-29 17:04:50,"","","","","","","",""
2012-10-27 09:25:24,"","","","","","","",""
2012-10-27 01:13:34,"","","","","","","",""
2012-10-28 14:20:29,"","","","","","",Maintaining_Plans,""
2012-10-31 07:29:17,"","","","","","","",""
2012-11-06 21:25:09,"","","","","","","",""
2012-10-22 17:28:24,"","","","","","","",""
2012-11-04 05:15:54,"","","","","","","",""
2012-11-04 19:12:29,"","","","","","","",""
2012-10-29 13:41:13,"","","","","","","",""
2012-10-22 17:43:24,"","","","","","","",""
2012-10-27 22:02:07,"","","","","","","",""
2012-10-29 09:16:21,"","","","","","","",""
2012-10-26 19:16:18,"","","","","","","",""
2012-10-22 21:06:01,"","","","","","","",""
2012-10-26 23:54:03,"","","","","","","",""
2012-10-26 06:42:06,"","","","","","","",""
2012-11-05 22:12:32,Humor,"","",Power_For_Life,"","","",""
2012-11-04 09:02:09,"","","","","","","",""
2012-10-29 13:06:18,"","","","","","","",""
2012-11-03 15:53:50,"",What_Others_Are_Doing,"","","","","",""
2012-10-24 22:50:06,"","","","",Pass_On_Information,"","",""
2012-11-04 17:12:23,"","","","","","","",""
2012-10-29 20:16:34,"",Other_Non_Natural_Environment,"",Supplies,"","","",""
2012-10-28 22:42:42,"","","","","","","",""
2012-10-27 00:46:24,"","","","","","","",""
2012-11-02 08:59:38,Positive_Coping,"","","","","","",""
2012-10-22 09:00:18,"","","","","","","",""
2012-11-04 08:07:33,"","","","","","","",""
2012-10-28 10:17:58,"",Immediate_Personal_Environment,"","","","","",""
2012-10-26 18:40:17,"","","","","","","",""
2012-11-03 10:31:43,"","","","",Pass_On_Information,"","",""
2012-11-05 21:50:28,"","","","","","","",""
2012-11-06 10:06:41,"","","","","","","",""
2012-10-28 12:53:38,"","","","","","","",""
2012-10-29 13:31:57,"","","","","","","",""
2012-11-06 21:53:38,"","","","","","","",""
2012-10-25 16:28:03,"","","","","","","",""
2012-10-26 23:57:14,"","","","","","","",""
2012-11-06 21:31:15,"","","","","","","",""
2012-11-03 01:14:54,"","","","","","","",""
2012-11-05 15:49:06,"","","","","","","",""
2012-10-24 05:21:08,"","","","","","","",""
2012-11-05 12:47:22,"","","","","","","",""
2012-10-29 17:46:01,"","","","","",Household_Information,"",""
2012-10-28 15:52:19,"","","","","","","",""
2012-10-30 19:49:30,"","","","","","","",""
2012-11-06 12:39:25,"","","","","","","",""
2012-11-01 04:43:15,"","","","","","","",""
2012-11-03 16:16:54,"","","","","","","",""
2012-11-03 11:09:30,"","","","","","","",""
2012-11-02 18:10:40,"","","","","","","",""
2012-10-24 23:03:37,"","","","","","","",""
2012-10-22 06:41:19,"","","","","","","",""
2012-10-25 18:12:36,"","","","","","","",""
2012-10-28 05:16:02,"","","",Supplies,"","","",""
2012-10-26 07:54:52,"","","","","","","",""
2012-10-24 23:45:25,"","","","","","","",""
2012-11-03 21:05:10,"","","","","","","",""
2012-11-03 14:23:52,"","","","","","","",""
2012-10-26 19:27:21,"","","","","","","",""
2012-11-02 16:19:02,"","","","",Seek_Information,"","",""
2012-11-05 07:45:45,"","","","",Pass_On_Information,"","",""
2012-11-06 15:05:03,"","","","","","","",""
2012-10-29 11:25:40,"",External_Natural_Environment,"","","","","",""
2012-11-06 12:13:46,"","","","","","","",""
2012-10-30 14:48:16,"","","","","","","",""
2012-10-23 17:18:59,"","","","","","","",""
2012-11-05 08:55:19,"","","","","","","",""
2012-10-23 10:01:45,"","","","","","","",""
2012-10-30 18:56:18,"","","","","","","",""
2012-10-23 20:09:49,"","","","","","","",""
2012-11-03 21:36:22,"",Other_Non_Natural_Environment,"","","","","",""
2012-11-03 20:36:40,"","","","","","","",""
2012-11-06 11:19:51,"","","","","","","",""
2012-10-25 12:04:21,"","","","","","","",""
2012-11-02 19:38:10,"","","",Booze,"","","",""
2012-10-29 22:04:02,"","","","","","","",""
2012-11-05 13:16:48,"","","","","","","",""
2012-11-06 13:42:11,Excited,"","",Power_For_Life,"","","",""
2012-10-27 00:55:17,"","","","","","","",""
2012-10-27 15:34:12,"","","","","","","",""
2012-10-29 14:32:36,"","","","","","","",""
2012-11-05 16:40:40,"","","","","","","",""
2012-10-29 16:08:56,"","","",Booze,Pass_On_Information,"","",""
2012-10-24 12:49:25,"","","","","","","",""
2012-10-31 11:43:59,"","","","","","","",""
2012-10-26 14:47:31,"","","","","","","",""
2012-10-31 11:51:06,"","","","","","","",""
2012-11-06 15:44:40,"","","","","","","",""
2012-11-06 18:35:24,"","","","","","","",""
2012-10-24 11:43:54,"","","","","","","",""
2012-10-31 00:46:04,"",External_Natural_Environment,"","","","","",""
2012-10-26 19:33:41,"","","","","","","",""
2012-10-28 18:02:39,"","","","","","","",""
2012-10-29 19:05:30,"","","","","","","",""
2012-10-24 16:44:53,"","","","","","","",""
2012-11-02 13:23:40,"","","","",Pass_On_Information,"",Transportation_Planning,""
2012-10-28 00:08:47,"","","","","","","",""
2012-11-05 08:11:44,"","","","","","","",""
2012-10-29 20:00:30,"",External_Natural_Environment,"","","","","",""
2012-10-25 14:07:25,"","","","","","","",""
2012-10-24 12:20:33,"","","","","","","",""
2012-10-29 21:45:28,"","","","","","","",""
2012-10-26 15:52:06,"","","","","","","",""
2012-10-26 04:57:54,"","","","","","","",""
2012-10-22 16:24:52,"","","","","","","",""
2012-10-29 20:42:55,"","","","","","","",""
2012-11-04 23:55:52,"","","","","","","",""
2012-11-03 09:32:45,"","","","","","","",""
2012-10-29 13:42:04,"","","","","","","",""
2012-11-05 21:17:58,"","","","","","","",""
2012-11-05 20:03:23,"","","","","","","",""
2012-10-26 10:37:25,"","","","","","","",""
2012-11-06 10:08:39,"","","","","","","",""
2012-11-06 10:19:02,"","","","","","","",""
2012-10-30 13:01:36,"","","","","","","",""
2012-10-23 14:49:19,"","","","","","","",""
2012-10-29 23:55:17,"","","","","","","",""
2012-10-28 07:46:29,"","","","","","","",""
2012-11-05 16:04:24,"",Immediate_Personal_Environment,"","","","","",""
2012-10-30 13:03:09,"",External_Natural_Environment,"","","","","",""
2012-10-29 23:15:25,"","","","","","","",""
2012-10-29 08:18:43,"",Immediate_Personal_Environment,"","","","",Maintaining_Plans,""
2012-10-29 19:08:58,Settled,Immediate_Personal_Environment,"","","","","",""
2012-10-30 14:31:31,"","","","","","","",""
2012-11-02 18:37:02,"","","","","","","",""
2012-11-02 06:40:40,"","","","","","","",""
2012-10-29 09:25:35,Worried,"","","","","","",""
2012-10-29 20:30:32,"","","","","","","",""
2012-10-24 07:35:58,"","","","","","","",""
2012-11-05 17:56:56,"","","","","","","",""
2012-11-06 07:38:07,"","","","","","","",""
2012-11-06 09:16:27,"","","","","","","",""
2012-11-05 20:38:42,"","","","","","","",""
2012-11-06 23:34:40,"","","","","","","",""
2012-11-06 02:48:38,"","","","","","","",""
2012-11-02 13:33:30,"","","","","","","",""
2012-11-05 13:55:37,"","","","","","","",""
2012-11-05 13:09:34,"","","","","","","",""
2012-10-24 05:55:33,"","","","","","","",""
2012-10-24 13:20:28,"","","","","","","",""
2012-11-03 11:07:55,"","","","","","","",""
2012-11-04 13:00:50,"","","","","","","",""
2012-10-30 14:14:21,"",Immediate_Personal_Environment,"","","","","",""
2012-11-01 17:00:34,"","","","","","","",""
2012-10-30 14:46:59,"","","","","","","",""
2012-10-30 18:16:56,"","","","","","","",""
2012-11-05 16:50:41,"","","","","","","",""
2012-11-03 17:12:01,"","","","",Pass_On_Information,"","",""
2012-11-04 00:08:18,"","","","","","","",""
2012-10-23 05:19:11,"","","","","","","",""
2012-10-28 08:19:38,"","","",Supplies,"","","",""
2012-11-05 07:47:11,"","","","",Pass_On_Information,"","",""
2012-10-27 22:25:27,"","","","","","","",""
2012-10-28 11:38:16,"","","","","","","",""
2012-11-04 10:01:16,"","","","","","","",""
2012-11-06 22:35:08,"","","","","","","",""
2012-11-06 22:36:56,"","","","","","","",""
2012-10-28 20:28:02,Frustrated,External_Natural_Environment,"","","","","",""
2012-11-04 19:09:34,"","","","","","","",""
2012-11-03 16:36:42,"","","",Supplies,Seek_Information,"","",""
2012-10-27 19:26:10,"","","","","","","",""
2012-11-05 20:31:08,"","","","","","","",""
2012-10-23 21:10:31,"","","","","","","",""
2012-10-27 12:41:01,"","","","","","","",""
2012-11-05 15:51:17,"","","","","","","",""
2012-10-23 08:39:23,"","","","","","","",""
2012-10-22 14:37:19,"","","","","","","",""
2012-10-29 17:32:18,"",Other_Non_Natural_Environment,"","","","","",""
2012-10-31 07:36:43,"","","","","","","",""
2012-11-03 20:43:35,"","","","","","","",""
2012-11-06 15:05:52,"","","","","","","",""
2012-11-03 21:18:12,"","","","","","","",""
2012-10-25 14:08:03,"","","","","","","",""
2012-11-05 18:53:29,"","","","","","","",""
2012-11-06 22:44:46,"","","","","","","",""
2012-11-02 05:58:35,"","","","","","","",""
2012-11-03 21:04:08,"","","","","","","",""
2012-10-27 14:36:59,"","","","","","","",""
2012-10-31 14:48:33,"","","","","","","",""
2012-11-05 16:51:48,"","","","","","","",""
2012-10-27 17:22:43,"","","","","","","",""
2012-10-30 18:22:04,"","","","","","","",""
2012-10-28 17:01:47,"","","","","","","",""
2012-10-24 17:26:36,"","","","","","","",""
2012-10-30 00:48:28,"",Other_Non_Natural_Environment,"","","","","",""
2012-10-31 11:41:07,"","","","","","","",""
2012-10-23 11:26:39,"","","","","","","",""
2012-11-03 17:14:05,"","","","","","","",""
2012-11-04 17:30:00,"","","","","","","",""
2012-10-24 10:22:30,"","","","","","","",""
2012-11-03 15:08:40,"","","",Supplies,Seek_Information,"","",""
2012-10-25 08:52:51,"","","","","","","",""
2012-11-01 12:02:11,"",Immediate_Personal_Environment,"","","","","",""
2012-10-27 22:51:30,"","","","","","","",""
2012-10-22 09:45:12,"","","","","","","",""
2012-10-23 07:14:21,"","","","","","","",""
2012-10-26 17:51:10,"","","","","","","",""
2012-11-03 12:30:35,"","","","","","","",""
2012-10-29 19:38:34,"","","","","","","",""
2012-10-30 05:31:52,"",Immediate_Personal_Environment,"","","","","",""
2012-10-26 19:01:38,"","","","","","","",""
2012-11-06 19:22:03,"","","","","","","",""
2012-11-03 16:49:12,"","","","","","","",""
2012-11-05 19:46:58,"","","","","","","",""
2012-11-05 20:40:29,"","","","","","","",""
2012-11-06 22:52:50,"","","","","","","",""
2012-11-02 22:27:42,"","","","","","","",""
2012-10-22 15:17:05,"","","","","","","",""
2012-10-31 20:18:48,"","","","","","","",""
2012-10-26 10:20:04,"","","","","","","",""
2012-11-02 12:54:44,"","","","","","","",""
2012-10-26 15:45:31,"","","","","","","",""
2012-10-29 10:13:57,"","","","","","","",""
2012-11-06 22:31:15,"","","","","","","",""
2012-10-29 15:35:27,"","","","","","","",""
2012-11-05 13:24:39,"","","","","","","",""
2012-10-29 17:59:42,"",What_Others_Are_Doing,"",Power_For_Life,"","","",""
2012-10-28 14:48:20,"","","","","","","",""
2012-10-23 13:05:50,"","","","","","","",""
2012-10-30 14:30:44,"","","","","","","",""
2012-11-03 18:26:36,"","","","","","","",""
2012-10-22 16:44:52,"","","","","","","",""
2012-11-05 00:42:19,Positive_Coping,"","","","","","",""
2012-10-28 14:52:49,"","","","","","","",""
2012-10-27 19:48:41,"","","","","","","",""
2012-10-22 03:26:56,"","","","","","","",""
2012-11-04 13:29:47,"","","","","","","",""
2012-11-02 15:18:17,"","","","","","","",""
2012-11-05 08:34:55,"","","","","","","",""
2012-10-24 10:47:24,"","","","","","","",""
2012-11-06 17:28:31,"","","","","","","",""
2012-11-05 20:01:50,"","","","","","","",""
2012-11-05 19:17:22,"","","","","","","",""
2012-10-28 19:30:57,Bored,"","","","","","",""
2012-10-24 22:11:45,"","","","","","","",""
2012-11-05 12:39:16,"","","","","","","",""
2012-11-05 12:52:37,"","","","","","","",""
2012-11-04 13:44:36,"","","","","","","",""
2012-10-30 13:02:37,"",Other_Non_Natural_Environment,"","","","","",""
2012-10-29 13:05:50,Humor,"","","","","","",""
2012-11-05 18:37:40,"","","","","","","",""
2012-11-05 00:10:18,"","","","","","","",""
2012-10-25 13:13:46,"","","","","","","",""
2012-10-30 15:31:16,"","","","","","","",""
2012-10-22 11:02:30,"","","","","","","",""
2012-10-23 10:55:12,"","","","","","","",""
2012-10-26 18:08:34,"","","","","","","",""
2012-11-03 16:34:35,"","","","","","","",""
2012-10-29 14:13:56,Positive_Coping,"","","","","",Maintaining_Plans,""
2012-10-26 10:30:14,"","","","","","","",""
2012-10-31 12:31:54,"","","","","","","",""
2012-10-27 00:45:50,"","","","","","","",""
2012-10-25 14:38:57,"","","","","","","",""
2012-10-25 06:16:38,"","","","","","","",""
2012-10-25 05:23:16,"","","","","","","",""
2012-10-23 14:37:27,"","","","","","","",""
2012-10-28 22:03:32,"","","","","","","",""
2012-10-23 11:48:03,"","","","","","","",""
2012-10-31 10:31:27,"","","","","","","",""
2012-10-22 14:19:54,"","","","","","","",""
2012-10-27 11:42:59,"","","","","","","",""
2012-11-05 21:29:27,"","","","","","","",""
2012-10-29 15:53:25,"",Other_Non_Natural_Environment,"","","","","",""
2012-11-04 12:23:02,"",Other_Non_Natural_Environment,"","","","","",""
2012-10-31 10:19:56,"",External_Natural_Environment,"","","","","",""
2012-10-29 19:46:04,"","","","","","","",""
2012-11-03 08:56:34,"","","","","","","",""
2012-10-23 12:33:27,"","","","","","","",""
2012-10-23 11:05:52,"","","","","","","",""
2012-11-04 17:12:29,"","","","",Seek_Information,"","",""
2012-10-28 16:37:50,"","","","","","","",""
2012-10-22 14:36:51,"","","","","","","",""
2012-10-31 11:45:55,Frustrated,What_Others_Are_Doing,"","","","","",""
2012-10-24 19:20:16,"","","","","","","",""
2012-10-27 13:44:48,"","","","","","","",""
2012-10-29 12:14:19,"",External_Natural_Environment,"","","","","",""
2012-11-03 13:41:52,"",What_Others_Are_Doing,"","",Seek_Information,"","",""
2012-11-04 00:22:29,"","","","","","","",""
2012-10-22 12:10:57,"","","","","","","",""
2012-10-24 12:21:11,"","","","","","","",""
2012-11-02 02:15:28,"","","","","","","",""
2012-11-06 22:40:08,"","","","","","","",""
2012-11-06 17:39:44,"","","","","","","",""
2012-10-30 06:55:41,"","","","","","","",""
2012-10-25 02:19:03,"","","","","","","",""
2012-11-03 19:31:33,"","","","","","","",""
2012-10-22 18:23:25,"","","","","","","",""
2012-11-01 01:08:12,"","","","","","","",""
2012-10-22 22:52:42,"","","","","","","",""
2012-11-04 00:25:33,"",Other_Non_Natural_Environment,"","","","","",""
2012-10-31 00:37:31,"",External_Natural_Environment,"","","","","",""
2012-10-29 15:41:38,"","","","","","","",""
2012-10-22 17:36:14,"","","","","","","",""
2012-11-06 23:32:45,"","","","","","","",""
2012-11-04 18:00:32,"","","","","","","",""
2012-10-26 10:40:37,"","","","","","","",""
2012-10-30 16:57:24,"","","","","","","",""
2012-11-05 20:45:01,"","","","","","","",""
2012-11-02 11:51:52,"","","","","","","",""
2012-11-05 19:19:02,"","","","","","","",""
2012-10-31 11:26:53,"","","","","","","",""
2012-10-26 08:57:43,"","","","","","","",""
2012-11-03 08:46:00,"","","","","","","",""
2012-10-30 08:22:32,"","","","",Pass_On_Information,"","",""
2012-11-06 21:26:40,"","","","","","","",""
2012-11-01 15:21:56,"","","","","","","",""
2012-10-30 15:34:23,"","","","","","","",""
2012-11-06 19:58:00,"","","","","","","",""
2012-11-04 15:43:37,"",Immediate_Personal_Environment,"","","","","",""
2012-11-02 22:13:16,"","","","","","","",""
2012-10-27 14:39:07,"","","","","","","",""
2012-10-27 22:37:05,"","","","","","","",""
2012-11-01 21:51:41,"","","","","","","",""
2012-11-04 14:31:18,Positive_Coping,"","","","","","",""
2012-10-27 12:55:00,"","","","","","","",""
2012-10-31 12:30:26,"","","","","","","",""
2012-10-29 18:43:02,"","","","","","","",""
2012-11-03 17:13:37,"","","","","","","",""
2012-10-22 18:17:43,"","","","","","","",""
2012-10-29 10:41:20,"","","","","","","",""
2012-10-22 14:27:08,"","","","","","","",""
2012-11-05 21:29:04,"","","","","","","",""
2012-11-06 11:39:32,"","","","","","","",""
2012-10-27 12:18:34,"","","","","","","",""
2012-11-05 16:50:08,"","","","","","","",""
2012-11-03 21:06:21,"","","","","","","",""
2012-11-06 21:41:58,"","","","","","","",""
2012-10-30 18:36:35,"","","","","","","",""
2012-11-02 09:12:46,Frustrated,"","","","","","",""
2012-10-23 20:29:26,"","","","","","","",""
2012-11-02 17:56:02,"","","","","","","",""
2012-11-02 15:06:39,"","","","","","","",""
2012-10-29 20:04:58,Positive_Coping,"","","","","","",""
2012-10-28 21:55:09,"","","","","","","",""
2012-10-22 09:52:56,"","","","","","","",""
2012-10-29 12:28:24,"",External_Natural_Environment,"","","","","",""
2012-10-29 18:12:22,"",External_Natural_Environment,"","","","","",""
2012-10-29 11:17:00,"","","","","","","",""
2012-11-04 00:58:21,"","","","","","","",""
2012-10-29 22:20:30,"","","","","","","",""
2012-11-06 09:04:04,"","","","","","","",""
2012-10-29 13:14:30,"","","","","","","",""
2012-10-26 10:18:02,"","","","","","","",""
2012-11-03 20:30:57,"","","","","","","",""
2012-11-05 13:51:12,"","","","","","","",""
2012-10-30 13:00:42,"","","","","","","",""
2012-11-05 09:04:58,"","","","","","","",""
2012-11-06 23:02:41,"","","","","","","",""
2012-10-29 20:24:34,"","","","","","","",""
2012-10-29 16:07:53,"","","","","","","",""
2012-10-28 09:50:07,"",Immediate_Personal_Environment,"","","","",Maintaining_Plans,""
2012-10-29 10:23:10,"","","","","","","",""
2012-10-24 23:42:53,"","","","","","","",""
2012-11-03 15:57:12,Positive_Coping,"","","","","","",""
2012-11-06 21:13:45,"","","","","","","",""
2012-11-06 20:11:15,"","","","","","","",""
2012-10-29 16:41:32,"","","","","","","",""
2012-11-03 19:01:41,"","","","","","","",""
2012-11-04 15:02:31,"","","","","","","",""
2012-10-30 21:22:28,"","","","","","","",""
2012-11-03 12:15:34,"","","","","","","",""
2012-10-30 14:02:38,"","","","","","","",""
2012-11-05 19:29:32,"","","","","","","",""
2012-10-23 06:42:03,"","","","","","","",""
2012-10-26 11:16:40,"","","","","","","",""
2012-11-02 07:56:59,"","","","","","","",""
2012-10-29 16:03:42,Awed,"","","",Pass_On_Information,"","",""
2012-10-29 10:19:47,"","","","","","","",""
2012-11-06 13:41:41,"","","","","","","",""
2012-10-29 21:24:01,"","","","","","","",""
2012-10-29 22:37:07,"","","","","","","",""
2012-10-29 17:52:17,"",What_Others_Are_Doing,"","","","","",""
2012-11-04 15:56:27,"","","","","","","",""
2012-11-06 21:27:04,"","","","","","","",""
2012-11-05 00:43:49,"",Other_Non_Natural_Environment,"","",Pass_On_Information,"","",""
2012-10-29 00:04:05,"","","","","","","",""
2012-10-22 15:41:07,"","","","","","","",""
2012-10-27 12:20:14,"","","","",Pass_On_Information,"",Changing_Plans,""
2012-11-04 18:04:45,"","","","","","","",""
2012-10-27 17:05:28,"","","","","","","",""
2012-11-02 12:41:18,"","","","","","","",""
2012-10-29 15:40:22,"",External_Natural_Environment,"","",Pass_On_Information,"","",""
2012-10-30 10:46:54,"","","","","","","",""
2012-10-28 21:26:58,"","","","","","","",""
2012-11-06 09:20:12,"","","","","","","",""
2012-10-22 00:21:51,"","","","","","","",""
2012-10-29 10:17:58,"","","","","","","",""
2012-10-27 22:21:47,"","","","","","","",Other
2012-10-23 16:19:04,"","","","","","","",""
2012-10-29 18:30:59,"",Other_Non_Natural_Environment,"","",Pass_On_Information,"","",""
2012-11-03 19:14:24,"","","","","","","",""
2012-10-29 06:58:31,"",External_Natural_Environment,"","","","","",""
2012-10-25 20:54:22,"","","","","","","",""
2012-10-28 14:02:52,"","","","","","","",""
2012-10-22 15:36:19,"","","","","","","",""
2012-10-24 14:37:28,"","","","","","","",""
2012-10-30 05:18:04,Humor,"","","","","","",""
2012-11-03 17:47:43,"","","","","","","",""
2012-11-05 12:37:49,"","","","","","","",""
2012-10-29 20:07:39,Excited,"","","","","","",""
2012-11-03 14:58:54,"","","",Supplies,Seek_Information,"","",""
2012-10-25 21:15:50,"","","","","","","",""
2012-11-06 01:44:16,"","","","","","","",""
2012-10-29 20:42:21,"","","","","","","",""
2012-10-31 13:08:33,"",Other_Non_Natural_Environment,"","",Pass_On_Information,"","",""
2012-10-22 16:26:48,"","","","","","","",""
2012-11-04 00:06:46,"","","","",Pass_On_Information,"","",""
2012-10-22 16:28:45,"","","","","","","",""
2012-10-24 21:44:56,"","","","","","","",""
2012-11-01 21:55:17,"","","","","","","",""
2012-10-22 19:44:54,"","","","","","","",""
2012-10-22 12:46:39,"","","","","","","",""
2012-10-29 13:09:04,"",Immediate_Personal_Environment,"","","","","",""
2012-10-24 13:18:11,"","","","","","","",""
2012-11-05 16:37:01,"","","","","","","",""
2012-10-26 15:23:47,"","","","","","","",""
2012-11-06 20:30:16,"","","","","","","",""
2012-10-23 10:32:55,"","","","","","","",""
2012-11-05 19:06:02,"","","","","","","",""
2012-11-06 22:28:17,"","","","","","","",""
2012-11-02 12:59:16,"",Immediate_Personal_Environment,"",Power_For_Life,"","","",""
2012-10-26 16:24:47,"","","","","","","",""
2012-11-03 00:39:47,"","","","","","","",""
2012-11-02 12:09:00,"",Immediate_Personal_Environment,"",Supplies,"","","",""
2012-10-22 18:20:07,"","","","","","","",""
2012-11-02 11:02:02,"","","","","","","",""
2012-10-22 10:06:20,"","","","","","","",""
2012-10-30 10:44:10,"",External_Natural_Environment,"","","","","",""
2012-10-29 10:47:37,"","","","","","","",""
2012-11-06 13:13:21,"","","","","","","",""
2012-10-28 12:28:17,"","","","","","","",""
2012-10-24 13:33:43,"","","","","","","",""
2012-11-01 09:31:31,"","","","","","","",""
2012-10-22 14:03:35,"","","","","","","",""
2012-10-27 12:54:19,"","","","","","","",""
2012-10-29 10:41:20,"",Other_Non_Natural_Environment,"","","","","",""
2012-10-23 21:47:33,"","","","","","","",""
2012-11-04 07:36:20,"","","","","","","",""
2012-10-26 08:45:40,"","","","","","","",""
2012-11-03 11:28:03,"","","","","","","",""
2012-10-30 14:09:32,"","","","","","","",""
2012-10-24 23:59:07,"","","","","","","",""
2012-11-05 08:58:04,"","","","","","","",""
2012-10-28 16:46:40,"","","","","","","",""
2012-10-22 19:02:03,"","","","","","","",""
2012-10-29 10:40:38,"",Other_Non_Natural_Environment,"","","","","",""
2012-10-26 09:59:01,"","","","","","","",""
2012-10-30 07:03:22,Positive_Coping,"","","","","","",""
2012-10-29 13:49:47,"","","","","","","",""
2012-10-28 11:07:24,"","","","","","","",""
2012-11-04 13:38:43,"","","","","","","",""
2012-11-05 21:00:58,"","","","","","","",""
2012-11-05 14:19:44,"","","","","","","",""
2012-10-30 16:35:20,"","","","","","","",""
2012-11-03 21:16:10,"","","","","","","",""
2012-11-05 15:48:15,"","","","","","","",""
2012-11-03 09:42:40,"","","","","","","",""
2012-10-26 16:11:33,"","","","","","",Changing_Plans,""
2012-10-22 23:34:53,"","","","","","","",""
2012-11-03 19:47:35,"","","","","","","",""
2012-11-06 23:19:12,"","","","","","","",""
2012-11-05 13:48:21,"","","","","","","",""
2012-11-05 09:49:26,"","","",Supplies,"","","",""
2012-10-24 14:52:34,"","","","","","","",""
2012-11-02 14:27:46,"","","","","","","",""
2012-10-31 12:42:03,"","","","","","","",""
2012-10-28 12:22:11,"","","","","","","",""
2012-10-29 22:32:08,"","","","","","","",""
2012-10-26 18:55:40,"","","","","","","",""
2012-10-30 12:34:51,"","","","","","","",""
2012-10-31 09:05:16,"","","","","","","",""
2012-11-06 06:38:04,"",Immediate_Personal_Environment,"","","","","",""
2012-11-06 16:34:32,Positive_Coping,Immediate_Personal_Environment,"",Power_For_Life,"","","",""
2012-10-30 06:54:13,Humor,External_Natural_Environment,"","","","","",""
2012-10-29 12:42:34,"","","","","","","",""
2012-10-24 13:57:31,"","","","","","","",""
2012-11-02 22:11:10,"","","","","","","",""
2012-11-03 20:11:20,"","","","","","","",""
2012-11-01 14:36:46,"","","","","","","",""
2012-11-05 07:01:59,"","","","","","","",""
2012-10-26 12:32:53,"","","","","","","",""
2012-11-02 17:34:02,"","","","","","","",""
2012-10-28 15:54:09,"","","","","","","",""
2012-10-29 13:15:43,"","","","","","","",""
2012-10-24 23:06:32,"","","","","","","",""
2012-11-03 10:08:44,"","","","","","","",""
2012-10-24 23:22:44,"","","","","","","",""
2012-11-04 09:54:28,"","","","","","","",""
2012-11-06 22:50:05,"","","","","","","",""
2012-10-30 08:57:32,"",What_Others_Are_Doing,"","","","","",""
2012-10-30 18:28:42,Frustrated,Immediate_Personal_Environment,"",Power_For_Communication,"","","",""
2012-11-04 17:10:40,"","","","","","","",""
2012-10-27 10:19:56,Excited,"","","","","",Considering_Plans,""
2012-10-29 21:43:53,Frustrated,"","","","","","",""
2012-10-27 15:16:58,"","","","","","","",""
2012-11-06 13:22:46,"","","","","","","",""
2012-10-30 16:42:46,"","","","","","","",""
2012-10-24 12:57:59,"","","","","","","",""
2012-10-24 09:15:18,"","","","","","","",""
2012-10-23 11:32:16,"","","","","","","",""
2012-11-05 09:38:05,"","","","","","","",""
2012-10-27 22:59:45,"","","","","","","",""
2012-10-29 07:58:47,"","","","","","","",""
2012-10-28 13:43:33,"",Immediate_Personal_Environment,"","","","",Maintaining_Plans,""
2012-10-25 21:24:39,"","","","","","","",""
2012-11-06 19:15:03,"","","","","","","",""
2012-11-02 17:58:21,"","","","","","","",""
2012-10-25 13:01:59,"","","","","","","",""
2012-10-30 16:39:59,"","","","","","","",""
2012-10-31 10:57:05,"","","","","","","",""
2012-11-06 09:56:46,"","","","","","","",""
2012-10-26 06:14:27,"","","","","","","",""
2012-10-22 19:24:38,"","","","","","","",""
2012-11-06 22:33:51,"","","","","","","",""
2012-10-30 11:29:29,"","","","",Seek_Information,"","",""
2012-10-31 10:24:51,"",External_Natural_Environment,"","","","","",""
2012-11-02 12:11:50,Positive_Coping,Immediate_Personal_Environment,"","","","","",""
2012-10-28 16:34:38,"","","","","","","",""
2012-10-27 14:49:28,"","","","","","","",""
2012-10-26 19:34:46,"","","","","","","",""
2012-11-05 20:41:11,"","","","","","","",""
2012-10-30 22:34:26,"","","","","","","",""
2012-10-22 20:04:14,"","","","","","","",""
2012-10-31 20:12:46,Frustrated,Other_Non_Natural_Environment,"","","","","",""
2012-10-31 07:33:37,"","","","","","","",""
2012-11-05 09:55:18,"","","","","","","",""
2012-10-23 11:31:24,"","","","","","","",""
2012-10-23 19:36:10,"","","","","","","",""
2012-10-28 21:22:49,"","","","","","","",""
2012-10-29 18:19:58,Worried,Other_Non_Natural_Environment,"","",Pass_On_Information,"","",""
2012-10-28 22:45:50,"","","","","","","",""
2012-10-29 09:02:12,"","","","","","",Changing_Plans,""
2012-10-29 12:57:46,"","","","","","","",""
2012-11-05 09:08:10,"",Immediate_Personal_Environment,"",Supplies,"","","",""
2012-11-02 00:59:41,"","","","","","","",Other
2012-10-30 17:00:30,"","","","","","","",""
2012-10-29 20:32:44,"","","","","","","",""
2012-11-03 01:13:36,"","","","","","","",""
2012-10-29 10:53:42,"","","","","","","",""
2012-11-04 00:19:29,"","","","","","","",""
2012-10-24 10:19:16,"","","","","","","",""
2012-10-25 22:53:36,"","","","","","","",""
2012-10-22 03:23:16,"","","","","","","",""
2012-10-27 20:12:26,Humor,"","","",Pass_On_Information,"","",""
2012-10-29 18:54:39,"","","","","","","",""
2012-11-03 12:19:39,"","","","","","","",""
2012-10-24 11:18:32,"","","","","","","",""
2012-10-28 21:54:09,Frustrated,"","","","","","",""
2012-10-29 17:52:30,Humor,"","","","","","",""
2012-10-30 14:16:39,"","","","","","","",""
2012-10-30 16:44:18,"","","","","","","",""
2012-10-23 20:49:40,"","","","","","","",""
2012-10-26 06:32:03,"","","","","","","",""
2012-10-24 11:27:44,"","","","","","","",""
2012-10-31 10:23:26,"",External_Natural_Environment,"","","","","",""
2012-10-26 12:51:53,"","","","","","","",""
2012-11-05 16:29:33,"","","","","","","",""
2012-11-03 11:06:51,"","","","","","","",""
2012-10-26 09:51:53,"","","","","","","",""
2012-10-26 12:19:39,"","","","","","","",""
2012-11-01 21:19:59,"","","","","","","",""
2012-10-24 21:25:52,"","","","","","","",""
2012-10-26 12:55:27,"","","","","","","",""
2012-10-23 10:59:20,"","","","","","","",""
2012-10-28 17:58:42,"","","","",Seek_Information,"","",""
2012-11-06 20:32:07,"","","","","","","",""
2012-10-29 10:24:57,"",Immediate_Personal_Environment,"","","","","",""
2012-10-29 13:59:42,"","","","","","","",""
2012-10-27 15:57:47,"","","","","","","",""
2012-10-29 07:03:07,"","","","","","","",""
2012-10-29 13:41:48,"",Other_Non_Natural_Environment,"","","","","",""
2012-10-22 14:24:27,"","","","","","","",""
2012-11-05 12:00:49,"","","","","","","",""
2012-10-30 18:21:42,"","","","","","","",""
2012-11-04 17:34:27,"","","","","","","",""
2012-10-31 12:29:47,"","","","","","","",""
2012-10-29 20:31:30,"","","","","","","",""
2012-10-30 00:33:29,"","","","","","","",""
2012-11-04 08:53:42,"","","","","","","",""
2012-10-30 22:43:14,"","","","","","","",""
2012-11-02 08:11:44,"","","","","","","",""
2012-10-24 15:18:54,"","","","","","","",""
2012-10-27 16:37:49,"","","",Supplies,"","","",""
2012-10-25 12:11:39,"","","","","","","",""
2012-11-02 14:56:55,"",Immediate_Personal_Environment,"","","","","",""
2012-11-06 21:09:18,"","","","","","","",""
2012-11-03 20:09:40,"","","","","","","",""
2012-10-26 09:33:34,"","","","","","","",""
2012-11-05 04:29:29,"","","","","","","",""
2012-10-26 13:59:28,"","","","","","","",""
2012-10-24 12:47:03,"","","","","","","",""
2012-11-06 17:00:49,"","","","","","","",""
2012-10-28 10:09:54,"","","","","","","",""
2012-11-05 09:01:43,"","","","","","","",""
2012-10-24 05:25:19,"","","","","","","",""
2012-10-29 14:53:09,"","","","","","","",""
2012-10-27 17:31:37,"","","","","","","",""
2012-11-05 13:21:47,"","","","","","","",""
2012-11-05 14:20:31,"","","","","","","",""
2012-10-25 12:43:01,"","","","","","","",""
2012-10-24 11:39:35,"","","","","","","",""
2012-10-23 08:31:16,"","","","","","","",""
2012-11-05 09:29:10,"","","","","","","",""
2012-10-30 20:05:14,"","","","","","","",""
2012-11-04 14:44:04,"","","","","","","",""
2012-10-24 15:43:11,"","","","","","","",""
2012-10-31 19:58:35,"","","","","","","",""
2012-11-05 16:54:55,"","","","","","","",""
2012-10-31 19:54:30,"","","","","","","",""
2012-10-28 10:38:46,"","","","","","","",""
2012-10-30 16:48:24,"","","","","","","",""
2012-10-26 19:16:28,"","","","","","","",""
2012-10-29 23:50:00,Positive_Coping,"","","",Pass_On_Information,"","",""
2012-10-31 12:29:13,"","","","","","","",""
2012-10-22 09:37:09,"","","","","","","",""
2012-10-28 00:04:34,"","","","","","","",""
2012-10-29 19:04:41,"","","","",Seek_Information,"","",""
2012-11-03 10:17:19,"","","","","","","",""
2012-10-31 18:08:12,"","","","","","","",""
2012-11-02 11:49:45,"","","","","","","",""
2012-10-24 22:09:16,"","","","","","","",""
2012-10-26 13:13:31,"","","","","","","",""
2012-10-24 14:38:42,"","","","","","","",""
2012-11-06 21:16:47,"","","","","","","",""
2012-11-06 11:36:40,"","","","","","","",""
2012-10-23 20:53:36,"","","","","","","",""
2012-10-31 04:37:53,"","","","","","","",""
2012-10-27 13:56:03,"","","","","","","",""
2012-10-22 11:46:20,"","","","","","","",""
2012-10-23 13:23:31,"","","","","","","",""
2012-10-30 22:37:23,Frustrated,"","","","","","",""
2012-10-23 14:45:07,"","","","","","","",""
2012-10-28 12:59:47,"","","","","","","",""
2012-11-04 09:03:15,"","","","","","","",""
2012-11-03 15:51:00,"","","","","","","",""
2012-10-27 04:51:50,"","","","","","","",""
2012-10-25 13:21:18,"","","","","","","",""
2012-10-27 14:52:02,"","","","","","","",""
2012-11-04 19:32:47,"","","","","","","",""
2012-11-06 15:22:02,"","","","","","","",""
2012-10-31 23:35:18,"","","","","","","",""
2012-10-29 16:22:41,Humor,"","",Supplies,"","","",""
2012-11-06 23:00:39,"","","","","","","",""
2012-10-31 17:09:20,Bored,Immediate_Personal_Environment,"","",Seek_Information,"",Changing_Plans,""
2012-11-03 11:08:35,"","","","","","","",""
2012-10-25 11:37:10,"","","","","","","",""
2012-11-06 22:24:24,"","","","","","","",""
2012-11-05 05:56:25,"","","","","","","",""
2012-10-30 17:53:13,"","","","","","","",""
2012-11-04 12:58:25,"","","","","","","",""
2012-11-03 18:47:04,"","","","","","",Maintaining_Plans,""
2012-10-27 09:26:44,"","","","","","","",""
2012-10-29 23:55:59,"",Immediate_Personal_Environment,"","","","","",""
2012-10-24 23:22:29,"","","","","","","",""
2012-10-24 10:51:58,"","","","","","","",""
2012-10-28 21:11:22,"","","","","","","",""
2012-11-03 21:08:26,"","","","","","","",""
2012-11-04 07:55:00,"","","","","","","",""
2012-10-27 00:10:30,"","","","","","","",""
2012-10-29 12:25:23,Frustrated,Immediate_Personal_Environment,"",Power_For_Life,"","","",""
2012-10-23 16:20:59,"","","","","","","",""
2012-11-05 16:44:44,"","","","","","","",""
2012-11-06 22:14:02,"","","","","","","",""
2012-11-02 09:15:17,"","","","",Seek_Information,"","",""
2012-11-04 15:19:47,"","","","","","","",""
2012-10-29 09:52:53,"","","","","","","",""
2012-11-02 19:33:26,"","","",Booze,"","","",""
2012-11-06 23:37:24,"","","","","","","",""
2012-10-24 13:15:55,"","","","","","","",""
2012-10-28 23:47:36,"","","","","","","",""
2012-10-28 17:48:31,"","","","","","","",""
2012-11-05 15:38:52,"","","","","","","",""
2012-10-23 15:22:50,"","","","","","","",""
2012-10-28 10:03:59,"","","",Power_For_Life,"","",Considering_Plans,""
2012-10-27 07:36:59,"","","","","","","",""
2012-11-06 07:03:13,"","","","","","","",""
2012-10-28 22:15:56,"","","","","","","",""
2012-10-29 13:11:11,"","","","","","","",""
2012-10-24 10:49:51,"","","","","","","",""
2012-10-23 20:15:07,"","","","","","","",""
2012-10-29 07:49:30,"","","","","","","",""
2012-10-28 03:39:59,"",Other_Non_Natural_Environment,"","","","","",""
2012-11-03 20:29:35,"","","","","","","",""
2012-10-31 17:59:51,"","","","","","","",""
2012-11-03 23:40:30,"","","","","","","",""
2012-10-24 05:38:40,"","","","","","","",""
2012-11-05 15:32:01,"","","","","","","",""
2012-10-29 09:54:34,"","","","","","","",""
2012-11-03 15:03:05,"","","","","","","",""
2012-10-29 14:06:46,"","","","","","","",""
2012-10-23 15:22:27,"","","","","","","",""
2012-10-23 15:47:19,"","","","","","","",""
2012-11-02 13:22:42,"","","","","","","",""
2012-10-28 01:21:03,"","","","","","","",""
2012-10-23 19:31:54,"","","","","","","",""
2012-11-05 16:45:05,"","","","","","","",""
2012-10-28 18:19:58,"","","","","","","",""
2012-10-25 13:14:13,"","","","","","","",""
2012-11-03 19:42:20,"","","","","","","",""
2012-11-01 12:20:57,"","","","","","","",""
2012-11-05 11:23:45,"","","","","","","",""
2012-11-04 17:47:41,"","","","","","","",""
2012-10-28 12:04:19,"","","","","","","",""
2012-10-23 12:01:24,"","","","","","","",""
2012-11-05 15:52:18,"","","","","","","",""
2012-11-05 12:08:30,"","","","","","","",""
2012-10-23 17:09:37,"","","","","","","",""
2012-10-28 08:07:16,"","","","","","","",""
2012-10-26 12:44:05,"","","","","","","",""
2012-10-28 13:04:52,"",Immediate_Personal_Environment,"",Power_For_Life,"","","",""
2012-10-23 01:22:06,"","","","","","","",""
2012-10-28 15:51:13,"","","","","","","",""
2012-11-03 00:53:54,"","","","","","","",""
2012-10-30 19:35:05,"","","","","","","",""
2012-10-22 21:34:27,"","","","","","","",""
2012-10-30 11:08:02,"","","","","","","",""
2012-11-05 16:25:05,"","","","","","","",""
2012-11-01 20:10:50,"",What_Others_Are_Doing,"","","","","",""
2012-10-31 18:38:10,"","","","","","","",""
2012-10-29 20:22:51,"","","","","","","",""
2012-10-25 16:52:20,"","","","","","","",""
2012-10-30 03:52:43,"",Other_Non_Natural_Environment,"","","","","",""
2012-10-23 11:57:07,"","","","","","","",""
2012-11-04 12:40:27,"","","","","","","",""
2012-11-04 15:02:20,"","","","","","","",""
2012-10-28 21:13:33,"","","","","","","",""
2012-10-22 17:44:30,"","","","","","","",""
2012-10-22 17:44:19,"","","","","","","",""
2012-10-25 16:37:53,"","","","","","","",""
2012-10-29 18:26:25,"",Immediate_Personal_Environment,"",Power_For_Life,"","","",""
2012-11-02 07:44:16,"","","","","","","",""
2012-10-27 12:33:44,"","","","","","","",""
2012-10-22 12:47:10,"","","","","","","",""
2012-11-02 22:37:54,"","","","","","","",""
2012-11-05 13:29:07,"","","","","","","",""
2012-10-30 05:20:18,"",Immediate_Personal_Environment,"","","","","",""
2012-10-22 08:05:37,"","","","","","","",""
2012-11-05 15:54:09,"","","","","","","",""
2012-11-06 19:49:58,"","","","","","","",""
2012-10-29 09:37:15,"","","","","","","",""
2012-10-24 22:10:01,"","","","","","","",""
2012-10-28 14:48:52,"","","","","","","",""
2012-10-24 21:51:44,"","","","","","","",""
2012-10-26 17:51:20,"","","","","","","",""
2012-11-03 16:17:18,"","","","","","","",""
2012-10-26 13:12:54,"","","","","","","",""
2012-10-28 12:55:16,"","","","","","","",""
2012-10-23 09:32:19,"","","","","","","",""
2012-11-06 08:59:32,"","","","","","","",""
2012-10-30 13:01:54,"","","","","","","",""
2012-11-04 20:09:54,"","","","","","","",""
2012-11-01 21:58:08,"","","","","","","",""
2012-10-26 19:37:44,"","","","","","","",""
2012-11-02 05:04:45,"","","","",Seek_Information,"","",""
2012-10-26 07:16:32,"","","","","","","",""
2012-11-06 13:12:52,"","","","","","","",""
2012-11-06 11:26:44,"",What_Others_Are_Doing,"","","","","",""
2012-10-28 17:27:58,"","","","","","","",""
2012-10-29 16:24:09,"",External_Natural_Environment,"","",Pass_On_Information,Previous_Experience,"",""
2012-10-27 18:43:58,"","","","","","","",""
2012-10-23 11:32:19,"","","","","","","",""
2012-10-29 21:42:53,"","","","","","","",""
2012-10-28 09:58:56,"",External_Natural_Environment,"","","","","",""
2012-11-02 05:45:05,"","","","","","","",""
2012-10-29 11:47:55,"","","","","","","",""
2012-10-26 08:46:53,"","","","","","","",""
2012-10-29 07:52:00,"","","","","","","",""
2012-10-30 14:45:32,Excited,"","","","","",Changing_Plans,""
2012-10-25 10:15:04,"","","","","","","",""
2012-11-03 21:00:42,"","","","","","","",""
2012-10-29 11:56:33,Positive_Coping,"","","","","","",""
2012-10-31 22:04:16,"","","","","","","",""
2012-11-06 21:34:49,"","","","","","","",""
2012-10-25 11:50:03,"","","","","","","",""
2012-10-23 14:35:47,"","","","","","","",""
2012-10-29 18:46:19,"","","","","","","",""
2012-10-29 14:05:56,"","","","","","","",""
2012-10-31 21:50:54,"","","","","","","",""
2012-11-05 15:56:33,"","","","","","","",""
2012-11-04 15:05:16,"","","","","","","",""
2012-10-30 13:02:16,"","","","","","","",""
2012-10-23 21:48:05,"","","","","","","",""
2012-10-29 09:02:21,"",Other_Non_Natural_Environment,"","","","","",""
2012-10-24 22:15:14,"","","","","","","",""
2012-11-05 20:19:51,"","","","","","","",""
2012-10-31 20:22:01,"","","","","","","",""
2012-10-26 17:03:34,"","","","","","","",""
2012-11-06 02:48:34,"","","","","","","",""
2012-10-24 08:15:41,"","","","","","","",""
2012-10-25 12:00:45,"","","","","","","",""
2012-10-28 15:38:46,"","","","","","","",""
2012-11-01 21:15:04,"","","","","","","",""
2012-10-23 06:19:13,"","","","","","","",""
2012-10-25 22:49:45,"","","","","","","",""
2012-11-02 22:00:25,"","","","","","","",""
2012-11-03 12:01:46,Positive_Coping,What_Others_Are_Doing,"","",Pass_On_Information,"","",""
2012-10-30 06:59:51,Positive_Coping,"","","","","","",""
2012-11-06 21:42:00,"","","","","","","",""
2012-10-29 16:56:40,Worried,"","","","","","",""
2012-11-06 22:45:25,"","","","","","","",""
2012-11-03 07:35:57,"","","","","","","",""
2012-10-27 11:44:33,"","","","","","","",""
2012-10-30 10:39:13,"","","","","","","",""
2012-11-04 05:21:48,"","","","","","","",""
2012-10-22 20:57:27,"","","","","","","",""
2012-11-01 13:10:27,"","","","","","","",""
2012-10-30 15:46:07,"","","","","","","",""
2012-10-31 20:09:00,Frustrated,What_Others_Are_Doing,"",Supplies,"","","",""
2012-10-23 21:51:37,"","","","","","","",""
2012-11-01 01:34:47,"","","","","","","",""
2012-10-25 20:53:25,"","","","","","","",""
2012-10-29 13:15:53,"","","","","","","",""
2012-11-05 20:43:09,"","","","","","","",""
2012-10-27 18:36:46,"","","","","","","",""
2012-11-01 21:17:06,"",Immediate_Personal_Environment,"",Power_For_Life,Pass_On_Information,"",Changing_Plans,""
2012-11-05 11:06:48,"","","","","","","",""
2012-10-31 13:14:45,"","","","","","","",""
2012-11-05 12:01:42,"","","","","","","",""
2012-10-29 16:25:25,Awed,Other_Non_Natural_Environment,"","","","","",""
2012-10-30 06:51:48,Worried,"","","","","","",""
2012-11-05 14:27:29,"","","","","","","",""
2012-11-05 09:47:09,"","","","","","","",""
2012-11-02 06:34:14,"","","","","","","",""
2012-10-25 11:13:07,"","","","","","","",""
2012-11-05 04:45:27,"","","","","","","",""
2012-11-05 13:24:08,"","","","","","","",""
2012-10-24 11:09:55,"","","","","","","",""
2012-11-05 08:30:55,"","","","","","","",""
2012-10-31 11:46:00,"","","","","","","",""
2012-10-25 04:56:25,"","","","","","","",""
2012-10-29 10:22:24,"","","","","","","",""
2012-10-23 13:30:42,"","","","","","","",""
2012-11-05 21:51:29,"","","","","","","",""
2012-10-30 13:40:46,"",Other_Non_Natural_Environment,"","","","","",""
2012-10-30 16:56:24,"","","","","","","",""
2012-10-27 12:57:55,"","","","","","","",""
2012-11-04 12:20:52,"","","","","","","",""
2012-11-03 10:58:41,"",What_Others_Are_Doing,"","","","","",""
2012-10-24 10:53:58,"","","","","","","",""
2012-11-04 12:26:11,"","","","","","","",""
2012-11-02 09:57:33,"","","","","","","",""
2012-10-24 18:20:49,"","","","","","","",""
2012-10-29 20:23:54,"","","","","","","",""
2012-10-27 15:36:03,Humor,"","",Supplies,"","","",""
2012-10-30 22:39:02,"","","","","","","",""
2012-10-25 11:35:26,"","","","","","","",""
2012-11-05 07:57:45,Positive_Coping,"","","","","","",""
2012-10-22 18:29:54,"","","","","","","",""
2012-11-06 20:29:43,"","","","","","","",""
2012-10-29 16:11:32,Frustrated,External_Natural_Environment,"","","","","",""
2012-10-25 15:48:48,"","","","","","","",""
2012-10-25 14:40:12,"","","","","","","",""
2012-10-30 14:47:27,"","","","","","","",""
2012-10-25 15:17:44,"","","","","","","",""
2012-11-03 21:01:37,"","","","","","","",""
2012-11-03 10:28:28,Positive_Coping,"","","",Pass_On_Information,"","",""
2012-10-28 11:25:39,"","","","","",Household_Information,"",""
2012-11-05 21:43:32,"","","","","","","",""
2012-10-30 11:35:34,Humor,Immediate_Personal_Environment,"","","","","",""
2012-10-29 21:14:21,"","","","","","","",""
2012-11-05 19:51:10,"","","","","","","",""
2012-11-05 21:33:12,"","","","","","","",""
2012-10-27 11:07:28,"","","","","","","",""
2012-10-26 06:24:11,"","","","","","","",""
2012-11-05 20:41:14,"","","","","","","",""
2012-10-26 15:47:42,"","","","","","","",""
2012-10-26 23:22:53,"","","","","","","",""
2012-10-24 21:24:19,"","","","","","","",""
2012-10-31 11:43:35,"","","","","","","",""
2012-10-23 14:39:42,"","","","","","","",""
2012-10-29 19:14:02,"","","","","","","",""
2012-10-29 01:33:11,"","","","","","","",""
2012-10-28 04:38:31,"","","","","","","",""
2012-11-05 08:54:05,"","","","","","","",""
2012-10-27 21:48:14,"","","","","","","",""
2012-10-29 20:34:04,"","","",Booze,"","","",""
2012-10-23 08:23:40,"","","","","","","",""
2012-10-29 20:25:58,"","","","","","","",""
2012-10-26 06:24:31,"","","","","","","",""
2012-10-31 10:28:33,"",External_Natural_Environment,"","","","","",""
2012-10-25 15:52:36,"","","","","","","",""
2012-11-01 06:14:09,"",Immediate_Personal_Environment,"","","","","",""
2012-10-29 20:54:44,"","","","",Pass_On_Information,"","",""
2012-10-28 12:00:52,"","","","","","","",""
2012-10-22 10:46:56,"","","","","","","",""
2012-10-31 14:19:34,"","","","","","","",""
2012-10-24 06:38:45,"","","","","","","",""
2012-10-26 00:49:34,"","","","","","","",""
2012-10-29 23:06:08,"","","","","","","",""
2012-11-04 12:33:43,"","","","","","","",""
2012-10-30 16:48:49,"","","","","","","",""
2012-10-22 22:39:44,"","","","","","","",""
2012-10-26 22:52:09,"","","","","","","",""
2012-10-31 20:45:33,"",Immediate_Personal_Environment,"","","","","",""
2012-10-27 00:58:41,"","","","","","","",""
2012-10-26 17:12:41,"","","","","","","",""
2012-10-30 12:39:24,"","","","","","","",""
2012-11-06 18:11:05,"","","","","","","",""
2012-11-02 13:02:08,"","","","","","","",""
2012-11-03 16:20:57,"","","","","","","",""
2012-10-28 22:42:22,"","","","","","","",""
2012-10-28 08:09:06,"","","","","","","",""
2012-11-06 22:43:08,"","","","","","","",""
2012-11-06 21:23:25,"","","","","","","",""
2012-10-26 06:58:20,"","","","","","","",""
2012-10-29 23:15:57,"","","","","","","",""
2012-11-03 19:06:26,"","","","","","","",""
2012-10-25 12:17:54,"","","","","","","",""
2012-11-06 06:45:08,"","","","","","","",""
2012-10-23 08:53:31,"","","","","","","",""
2012-10-27 18:52:10,"",External_Natural_Environment,"","",Pass_On_Information,"","",""
2012-10-23 22:59:42,"","","","","","","",""
2012-11-05 21:34:42,"","","","","","","",""
2012-10-27 09:28:50,"","","","","","","",""
2012-10-27 22:34:53,"","","","",Pass_On_Information,"","",""
2012-11-04 17:26:51,"","","","","","","",""
2012-10-28 16:59:51,"","","","","","","",""
2012-10-24 12:59:19,"","","","","","","",""
2012-11-04 23:02:39,"","","","","","","",""
2012-10-29 17:04:15,"","","","","","","",""
2012-11-03 06:08:13,"","","","","","","",""
2012-10-31 23:39:36,"","","","","","","",""
2012-10-29 15:40:09,"",External_Natural_Environment,"","",Pass_On_Information,"","",""
2012-11-02 15:35:36,"","","","","","","",""
2012-10-22 19:47:04,"","","","","","","",""
2012-10-27 22:59:59,"","","","","","","",""
2012-11-01 07:36:06,"","","","","","","",""
2012-10-24 11:29:55,"","","","","","","",""
2012-11-04 00:57:02,Positive_Coping,Other_Non_Natural_Environment,"","",Pass_On_Information,"","",""
2012-10-27 09:17:50,"","","","","","","",""
2012-10-30 18:30:08,"",Immediate_Personal_Environment,"","","","","",""
2012-10-30 20:05:59,"","","","","","","",""
2012-10-26 11:48:14,"","","","","","","",""
2012-10-28 15:50:58,"","","","","","","",""
2012-10-30 21:41:36,Settled,Immediate_Personal_Environment,"",Power_For_Life,"","","",""
2012-10-31 00:35:57,"",External_Natural_Environment,"","","","","",""
2012-11-05 20:46:16,"","","","","","","",""
2012-10-26 11:26:15,"","","","","","","",""
2012-10-29 17:51:35,"",What_Others_Are_Doing,"","","","","",""
2012-10-25 07:27:16,"","","","","","","",""
2012-10-22 22:08:39,"","","","","","","",""
2012-10-27 11:57:54,"","","","","","","",""
2012-11-06 17:53:02,"","","","","","","",""
2012-11-04 13:29:42,"","","","","","","",""
2012-10-29 00:15:10,"","","","","","","",""
2012-11-04 07:46:07,"","","","","","","",""
2012-10-29 13:50:36,"","","","","","","",""
2012-11-03 01:16:46,"","","","","","","",""
2012-11-02 23:05:28,"","","","","","","",""
2012-10-29 13:06:42,"","","","","","","",""
2012-10-27 23:49:40,"","","","","","","",""
2012-10-26 16:11:33,"","","","","","","",""
2012-10-28 10:48:48,Frustrated,"","","","","","",""
2012-11-04 21:41:57,Frustrated,"","","","","","",""
2012-11-05 15:39:08,"","","","","","","",""
2012-11-06 22:38:52,"","","","","","","",""
2012-11-01 09:13:41,"","","","","","","",""
2012-10-23 11:33:44,"","","","","","","",""
2012-10-22 15:33:57,"","","","","","","",""
2012-10-26 10:47:33,"","","","","","","",""
2012-10-25 16:52:50,"","","","","","","",""
2012-10-26 10:42:49,"","","","","","","",""
2012-10-24 16:24:00,"","","","","","","",""
2012-10-25 08:00:37,"","","","","","","",""
2012-11-03 17:25:34,"",What_Others_Are_Doing,"","","","","",""
2012-10-26 19:15:34,"",Immediate_Personal_Environment,"",Supplies,Pass_On_Information,"","",""
2012-10-23 13:31:10,"","","","","","","",""
2012-11-02 12:00:58,"","","","","","","",""
2012-10-29 17:15:56,Worried,Other_Non_Natural_Environment,"","","","","",""
2012-11-02 12:19:28,"","","","","","","",""
2012-10-26 10:16:47,"","","","","","","",""
2012-11-05 15:30:45,"","","","","","","",""
2012-11-06 14:31:03,"","","","","","","",""
2012-11-05 20:30:48,"","","","","","","",""
2012-11-02 22:15:34,"","","","","","","",""
2012-10-28 21:04:46,"","","","","","","",""
2012-10-31 20:04:13,"",Immediate_Personal_Environment,"",Supplies,"","","",""
2012-11-05 09:49:15,"","","","","","","",""
2012-10-24 11:44:30,"","","","","","","",""
2012-11-04 00:12:04,Positive_Coping,"","","",Pass_On_Information,"","",""
2012-11-04 19:53:21,"","","","","","","",""
2012-11-02 06:59:13,"","","","","","","",""
2012-11-05 14:21:50,"","","","","","","",""
2012-11-06 22:15:49,"","","","","","","",""
2012-10-23 07:42:04,"","","","","","","",""
2012-10-27 15:55:04,"","","","","","","",""
2012-10-22 15:03:35,"","","","","","","",""
2012-11-06 23:13:33,"","","","","","","",""
2012-10-27 17:12:01,"","","","","","","",""
2012-11-04 12:05:09,"","","","","","","",""
2012-10-25 14:33:37,"","","","","","","",""
2012-11-02 14:49:21,"","","","","","","",""
2012-10-24 08:33:52,"","","","","","","",""
2012-11-03 23:33:46,"","","","","","","",""
2012-10-26 11:26:18,"","","","","","","",""
2012-10-24 05:58:41,"","","","","","","",""
2012-11-06 22:15:02,"","","","","","","",""
2012-11-05 15:48:31,Positive_Coping,What_Others_Are_Doing,"","","","","",""
2012-10-22 21:28:31,"","","","","","","",""
2012-10-26 12:52:31,"","","","","","","",""
2012-10-31 12:32:19,"","","","","","","",""
2012-11-05 20:48:30,"","","","","","","",""
2012-10-28 12:09:28,"","","","","","","",""
2012-11-06 05:41:33,"","","","","","","",""
2012-11-04 20:54:55,"","","","","","","",""
2012-11-06 01:13:49,"","","","","","","",""
2012-10-28 12:01:40,"","","","","","","",""
2012-11-06 23:38:29,"","","","","","","",""
2012-11-04 06:48:45,"","","","","","","",""
2012-10-30 05:25:49,"",Other_Non_Natural_Environment,"","",Pass_On_Information,"","",""
2012-10-22 00:31:15,"","","","","","","",""
2012-10-24 12:29:11,"","","","","","","",""
2012-11-04 17:54:39,"","","","","","","",""
2012-10-30 13:03:37,"",Other_Non_Natural_Environment,"","","","","",""
2012-11-05 18:59:34,"","","","","","","",""
2012-10-25 15:58:16,"","","","","","","",""
2012-10-25 13:33:51,"","","","","","","",""
2012-10-25 10:16:36,"","","","","","","",""
2012-11-01 23:02:03,"","","","","","","",""
2012-10-24 12:25:41,"","","","","","","",""
2012-10-30 05:24:36,"","","","",Seek_Information,"","",""
2012-10-29 18:37:43,Awed,"","","","","","",""
2012-10-29 09:44:32,"","","","","","","",""
2012-11-06 14:35:44,"","","","","","","",""
2012-11-03 21:06:50,"","","","","","","",""
2012-10-29 09:22:50,"","","","","","","",""
2012-10-25 14:33:58,"","","","","","","",""
2012-10-22 21:08:15,"","","","","","","",""
2012-10-23 22:22:32,"","","","","","","",""
2012-10-23 19:36:10,"","","","","","","",""
2012-10-25 21:12:03,"","","","","","","",""
2012-11-05 15:57:06,"","","","","","","",""
2012-11-04 12:13:56,"","","","","","","",""
2012-11-05 19:02:41,"","","","","","","",""
2012-11-04 12:43:21,"","","","","","","",""
2012-10-26 06:44:24,"","","","","","","",""
2012-10-22 07:46:48,"","","","","","","",""
2012-11-06 21:56:43,"","","","","","","",""
2012-10-28 20:45:45,"","","","","","","",""
2012-10-27 11:00:41,"","","","","","","",""
2012-10-27 15:31:17,Humor,"","",Supplies,"","","",""
2012-11-05 08:20:07,"","","","","","","",""
2012-11-06 23:24:36,"","","","","","","",""
2012-10-25 00:49:43,"","","","","","","",""
2012-10-29 22:10:38,Positive_Coping,Immediate_Personal_Environment,"","","","","",""
2012-11-05 06:54:05,"","","","","","","",""
2012-11-03 15:40:49,"","","",Supplies,"","","",""
2012-10-26 10:33:19,"","","","","","","",""
2012-10-25 22:49:47,"","","","","","","",""
2012-11-03 08:58:19,"","","","","","","",""
2012-11-02 15:22:38,"","","","","","","",""
2012-10-27 14:07:43,"","","","","","","",""
2012-11-06 23:30:00,"","","","","","","",""
2012-10-24 09:01:22,"","","","","","","",""
2012-10-24 10:48:25,"","","","","","","",""
2012-10-29 18:01:08,"","","","","","","",""
2012-10-28 07:35:49,"","","","","","","",""
2012-11-04 18:33:10,"","","","","","","",""
2012-10-31 11:12:10,"","","","","","","",""
2012-10-26 02:05:48,"","","","","","","",""
2012-10-30 22:50:39,"","","","","","","",""
2012-10-23 10:56:22,"","","","","","","",""
2012-10-24 10:30:52,"","","","","","","",""
2012-10-27 17:48:19,"","","","","","","",""
2012-11-06 10:27:33,"","","","","","","",""
2012-10-30 14:30:12,"","","","","","","",""
2012-11-04 10:49:20,"","","","","","","",""
2012-10-22 18:36:51,"","","","","","","",""
2012-10-22 20:09:43,"","","","","","","",""
2012-10-27 08:52:47,"","","","","","","",""
2012-10-24 16:01:58,"","","","","","","",""
2012-11-03 08:44:28,Positive_Coping,"","","",Pass_On_Information,"","",""
2012-10-26 12:51:42,"","","","","","","",""
2012-11-01 23:01:27,"","","","","","","",""
2012-10-27 11:00:41,"","","","","","","",""
2012-10-26 11:12:42,"","","","","","","",""
2012-10-23 21:50:27,"","","","","","","",""
2012-11-04 17:28:38,"","","","","","","",""
2012-10-22 09:11:33,"","","","","","","",""
2012-11-06 08:13:22,"","","","","","","",""
2012-11-03 09:01:19,"",Other_Non_Natural_Environment,"","",Pass_On_Information,"","",""
2012-10-22 12:10:43,"","","","","","","",""
2012-10-29 21:54:35,"",Other_Non_Natural_Environment,"","",Pass_On_Information,"","",""
2012-10-23 13:36:22,"","","","","","","",""
2012-10-23 14:24:59,"","","","","","","",""
2012-10-30 21:13:08,"","","","","","","",""
2012-11-05 11:07:17,"","","","","","","",""
2012-11-06 11:26:04,"","","","","","","",""
2012-10-24 11:05:38,"","","","","","","",""
2012-11-06 21:18:54,"","","","","","","",""
2012-11-06 20:42:50,"","","","","","","",""
2012-10-31 16:12:43,"","","","","","","",""
2012-11-03 10:31:41,"","","","","","","",""
2012-11-05 07:36:24,"","","","","","","",""
2012-11-06 15:50:55,"","","","","","","",""
2012-11-06 22:57:06,"","","","","","","",""
2012-11-05 15:09:57,"","","","","","","",""
2012-10-22 16:24:24,"","","","","","","",""
2012-11-06 06:43:33,"","","","","","","",""
2012-10-22 10:28:20,"","","","","","","",""
2012-10-25 23:06:09,"","","","","","","",""
2012-10-26 17:21:05,"","","","","","","",""
2012-11-01 19:19:05,"","","","","","","",""
2012-10-23 22:17:26,"","","","","","","",""
2012-11-03 00:38:36,"","","","","","","",""
2012-10-22 18:17:59,"","","","","","","",""
2012-11-05 20:02:47,"","","","","","","",""
2012-10-31 09:25:27,"","","","","","",Changing_Plans,""
2012-11-06 23:09:14,"","","","","","","",""
2012-10-27 11:57:56,"","","","","","","",""
2012-10-28 17:04:06,"","","","","","","",""
2012-10-27 17:00:37,"","","","","","","",""
2012-11-06 00:57:10,"","","","","","","",""
2012-11-05 19:38:02,"","","","","","","",""
2012-11-05 17:10:08,"","","","","","","",""
2012-11-05 09:36:25,"","","","","","","",""
2012-10-26 10:19:42,"","","","","","","",""
2012-11-06 09:38:59,"","","","","","","",""
2012-10-28 12:54:05,"","","","","","","",""
2012-10-28 14:52:09,"","","","",Pass_On_Information,"","",""
2012-10-24 11:19:17,"","","","","","","",""
2012-10-23 15:14:28,"","","","","","","",""
2012-10-29 16:59:38,"","","","","","","",""
2012-11-06 12:30:32,"","","","","","","",""
2012-10-27 09:59:25,"","","","","","","",""
2012-11-01 18:29:50,Settled,"","","",Seek_Information,"","",""
2012-11-05 18:45:24,"","","","","","","",""
2012-10-24 05:50:52,"","","","","","","",""
2012-10-25 21:30:38,"","","","",Seek_Information,"","",""
2012-11-02 15:53:16,"","","","","","","",""
2012-10-24 08:40:52,"","","","","","","",""
2012-11-05 12:52:11,"","","","","","","",""
2012-10-22 15:30:57,"","","","","","","",""
2012-10-27 19:04:42,"","","","","","","",""
2012-11-05 16:47:59,"","","","","","","",""
2012-10-26 17:59:25,"","","","","","","",""
2012-10-22 18:22:38,"","","","","","","",""
2012-10-30 13:04:16,"","","","","","","",""
2012-11-05 19:57:22,"","","","","","","",""
2012-10-28 12:04:47,"","","","","","","",""
2012-10-24 21:28:07,"","","","","","","",""
2012-11-06 21:00:45,"","","","","","","",""
2012-10-29 10:44:14,"","",Move_Somewhere_Safer,"","","","",""
2012-11-01 09:55:54,"",What_Others_Are_Doing,"","","","","",""
2012-10-25 12:00:04,"","","","","","","",""
2012-11-04 14:24:45,"","","","","","","",""
2012-10-31 12:04:52,"","","","","","","",""
2012-10-25 07:26:54,"","","","","","","",""
2012-11-02 05:03:50,"",Other_Non_Natural_Environment,"","","","","",""
2012-11-01 22:35:32,"","","","","","","",""
2012-10-30 09:42:38,"","","","","","","",""
2012-10-30 13:12:29,"","","","","","","",""
2012-10-28 16:39:53,"","","","","","","",""
2012-10-23 06:39:20,"","","","","","","",""
2012-10-29 21:58:35,Humor,Immediate_Personal_Environment,"","","","","",""
2012-10-31 10:22:08,"",External_Natural_Environment,"","","","","",""
2012-10-22 16:14:47,"","","","","","","",""
2012-11-05 07:55:59,Positive_Coping,Immediate_Personal_Environment,"","","","","",""
2012-10-30 16:39:01,"","","","","","","",""
2012-11-06 15:04:23,"","","","","","","",""
2012-10-22 13:01:26,"","","","","","","",""
2012-10-30 13:04:40,"","","","","","","",""
2012-11-06 17:51:13,"","","","","","","",""
2012-10-31 18:43:11,"","","","","","","",""
2012-11-05 00:10:42,"","","","","","","",""
2012-10-31 14:42:18,"","","","","","","",""
2012-10-29 05:49:50,"",Immediate_Personal_Environment,"","","","",Maintaining_Plans,""
2012-11-01 17:16:17,"","","","","","","",""
2012-10-26 11:17:00,"","","","",Pass_On_Information,"","",""
2012-11-04 01:02:15,"","","","","","","",""
2012-10-29 21:23:58,"","","","","","","",""
2012-10-26 11:50:48,"","","","","","","",""
2012-10-26 17:41:59,"","","","","","","",""
2012-10-30 14:27:46,Frustrated,Immediate_Personal_Environment,"",Power_For_Life,"","","",""
2012-11-02 07:36:11,"","","","","","","",""
2012-10-30 07:37:36,"","","","","","","",""
2012-11-05 07:00:32,"","","","","","","",""
2012-10-24 13:34:31,"","","","","","","",""
2012-11-03 13:21:41,"","","","",Pass_On_Information,"","",""
2012-11-06 15:02:05,"","","","","","","",""
2012-10-25 13:44:42,"","","","","","","",""
2012-11-05 20:54:19,"","","","","","","",""
2012-10-29 13:29:44,"","","","","","","",""
2012-10-31 00:40:34,"",External_Natural_Environment,"","","","","",""
2012-10-28 14:50:57,"","","","","","","",""
2012-10-25 22:27:53,Humor,"","","","","","",""
2012-11-03 19:49:49,"","","","","","","",""
2012-10-23 07:07:33,"","","","","","","",""
2012-10-31 21:16:24,"","","","","","","",""
2012-10-29 14:33:34,"",Other_Non_Natural_Environment,"","",Pass_On_Information,"","",""
2012-10-29 17:46:17,"",Immediate_Personal_Environment,"",Power_For_Life,"","","",""
2012-10-24 16:01:23,"","","","","","","",""
2012-10-30 14:16:57,"","","","","","","",""
2012-10-28 15:49:54,Settled,What_Others_Are_Doing,"",Booze,"","",Changing_Plans,""
2012-11-03 08:56:57,"","","","","","","",""
2012-10-25 11:59:17,"","","","","","","",""
2012-11-05 15:52:01,"","","","","","","",""
2012-10-28 12:49:56,"","","","","","","",""
2012-10-24 13:32:55,"","","","","","","",""
2012-10-29 21:47:44,"","","","","","","",""
2012-10-22 12:40:36,"","","","","","","",""
2012-11-03 04:16:49,"","","","","","","",""
2012-10-31 16:27:13,"","","","","","","",""
2012-10-26 23:59:08,"","","","","","","",""
2012-10-24 09:25:31,"","","","","","","",""
2012-11-01 21:03:23,"","","","","","","",""
2012-11-04 13:02:10,"","","","","","","",""
2012-10-27 01:25:07,"","","","","","","",""
2012-10-29 18:10:28,"","","","","","","",""
2012-10-22 14:21:39,"","","","","","","",""
2012-10-22 09:50:21,"","","","","","","",""
2012-10-28 23:37:10,"","","","","","","",""
2012-10-27 15:45:04,"","","","","","","",""
2012-11-06 21:19:22,"","","","","","","",""
2012-10-23 11:34:49,"","","","","","","",""
2012-11-03 20:33:17,"","","","","","","",""
2012-10-31 23:11:53,"","","","","","","",""
2012-11-05 17:23:06,"","","","","","","",""
2012-11-05 16:42:43,"","","","","","","",""
2012-11-02 23:34:53,"","","","","","","",""
2012-10-30 13:05:03,"",Other_Non_Natural_Environment,"","","","","",""
2012-11-05 10:38:54,"","","","","","","",""
2012-11-06 21:19:48,"","","","","","","",""
2012-10-31 20:19:25,"","","","","","","",""
2012-10-27 10:16:32,"","","","","","","",""
2012-11-02 21:30:52,"","","","","","","",""
2012-10-29 18:53:22,"","","","","","","",""
2012-11-01 21:11:56,"","","","",Seek_Information,"","",""
2012-11-03 10:14:23,"",Immediate_Personal_Environment,"",Power_For_Life,"","","",""
2012-11-01 19:53:48,"",Immediate_Personal_Environment,"",Power_For_Life,"","","",""
2012-10-25 11:29:04,"","","","","","","",""
2012-10-29 19:37:30,"","","","","","","",""
2012-10-28 16:33:24,"","","","","","","",""
2012-10-23 21:46:49,"","","","","","","",""
2012-10-22 15:42:39,"","","","","","","",""
2012-10-28 10:38:11,"","","","","","","",""
2012-11-05 16:41:52,"","","","","","","",""
2012-10-27 23:02:52,"","","","","","","",""
2012-10-31 20:01:11,"",Other_Non_Natural_Environment,"","","","","",""
2012-10-29 17:32:26,"","","","","","","",""
2012-10-27 08:32:02,"","","","","","","",""
2012-10-31 17:11:52,"","","","","","","",""
2012-10-28 08:38:07,"",Immediate_Personal_Environment,"",Supplies,"","","",""
2012-10-25 13:20:17,"","","","","","","",""
2012-10-28 21:21:37,Positive_Coping,"","","","","","",""
2012-10-26 10:40:11,"","","","","","","",""
2012-10-30 13:04:04,"","","","","","","",""
2012-10-23 14:58:21,"","","","","","","",""
2012-10-29 11:50:38,"","","","","","","",""
2012-11-05 19:00:29,"","","","","","","",""
2012-11-06 09:39:38,"","","","","","","",""
2012-10-23 14:48:08,"","","","","","","",""
2012-10-24 14:43:18,"","","","","","","",""
2012-10-28 23:49:45,"","","","","","","",""
2012-10-25 13:34:33,"","","","","","","",""
2012-10-31 23:38:17,"","","","","","","",""
2012-10-28 15:56:17,"","","","","","","",""
2012-11-02 11:00:21,"","","","","","","",""
2012-10-22 21:08:39,"","","","","","","",""
2012-10-26 18:56:03,"","","","","","","",""
2012-11-04 19:45:51,"","","","","","","",""
2012-10-29 12:26:09,Humor,"","","","","","",""
2012-11-04 13:43:40,"","","","","","","",""
2012-10-24 21:55:16,"","","","","","","",""
2012-10-28 14:38:26,"","","","","","",Maintaining_Plans,""
2012-10-29 14:08:57,"","","","","","","",""
2012-10-29 18:19:02,"","","","","","","",""
2012-10-29 20:20:52,Humor,External_Natural_Environment,"","","","","",""
2012-11-02 17:29:27,"","","","","","","",""
2012-10-24 14:44:11,"","","","","","","",""
2012-11-06 22:13:01,"","","","","","","",""
2012-10-27 08:52:04,"","","","","","","",""
2012-11-06 09:00:50,"","","","","","","",""
2012-11-04 18:06:21,"","","","","","","",""
2012-11-03 21:10:04,"","","","","","","",""
2012-11-04 18:30:28,"","","","","","","",""
2012-11-03 14:29:11,"","","","",Seek_Information,"","",""
2012-10-29 14:36:08,Positive_Coping,"","","","","",Maintaining_Plans,""
2012-11-06 15:13:18,"","","","","","","",""
2012-11-04 20:19:10,"","","","","","","",""
2012-10-22 17:29:28,"","","","","","","",""
2012-10-22 16:40:51,"","","","","","","",""
2012-10-28 13:08:59,"","","","","","","",""
2012-11-06 22:00:48,"","","","","","","",""
2012-11-03 17:26:03,"",Other_Non_Natural_Environment,"","",Pass_On_Information,"","",""
2012-10-28 09:47:57,Excited,"","","","","","",""
2012-10-30 13:42:19,"","","","","","","",""
2012-10-25 11:58:46,"","","","","","","",""
2012-10-29 10:44:55,"","","","",Seek_Information,"",Considering_Plans,""
2012-10-29 12:44:49,"","","","","","","",""
2012-10-27 10:55:05,"","","","","","","",""
2012-11-05 22:29:27,"","","","","","","",""
2012-11-06 21:22:01,"","","","","","","",""
2012-10-31 17:13:41,"","","","","","","",""
2012-11-05 13:48:43,"","","","","","","",""
2012-10-29 20:23:01,"","","","","","","",""
2012-11-06 22:29:34,"","","","","","","",""
2012-11-05 14:56:19,"","","","","","","",""
2012-10-28 17:38:28,"","","","","","","",""
2012-10-30 00:00:18,"","","","","","","",""
2012-10-22 09:51:13,"","","","","","","",""
2012-11-02 19:38:30,"","","","","","","",""
2012-10-25 14:32:28,"","","","","","","",""
2012-10-30 15:33:13,"","","","","","","",""
2012-11-04 05:25:24,"","","","","","","",""
2012-10-24 23:07:58,"","","","","","","",""
2012-11-04 17:33:36,"","","","","","","",""
2012-10-28 21:34:04,"","","","","","","",""
2012-11-06 01:05:33,"","","","","","","",""
2012-10-25 18:21:45,"","","","","","","",""
2012-11-03 18:13:14,"","","","","","","",""
2012-10-25 12:08:10,"","","","","","","",""
2012-10-29 10:24:51,"","","","","","","",""
2012-11-05 17:58:43,"","","","","","","",""
2012-10-24 09:01:17,"","","","","","","",""
2012-10-28 12:03:16,"","","","","","","",""
2012-10-25 12:12:36,"","","","","","","",""
2012-10-22 13:39:25,"","","","","","","",""
2012-10-26 03:05:15,"","","","","","","",""
2012-11-06 19:28:55,"","","","","","","",""
2012-11-05 21:46:25,"","","","","","","",""
2012-10-29 09:25:53,"","","","","","","",""
2012-11-05 20:01:35,"","","","","","","",""
2012-10-26 16:40:02,"","","","","","","",""
2012-11-05 18:51:44,"","","","","","","",""
2012-10-29 16:05:52,"","","","","","","",""
2012-11-02 12:44:28,"","","","","","","",""
2012-10-30 17:17:39,"","","","","","","",""
2012-10-30 10:51:03,"","","","","","","",""
2012-11-05 11:27:15,"","","","","","","",""
2012-10-23 08:48:38,"","","","","","","",""
2012-11-02 19:43:15,"",Immediate_Personal_Environment,"",Supplies,"","","",""
2012-10-30 22:32:33,"","","","","","","",""
2012-10-27 14:24:37,"","","","","","","",""
2012-10-25 15:34:18,"","","","","","","",""
2012-11-03 22:58:05,"","","","","","","",""
2012-10-27 04:38:25,"","","","","","","",""
2012-10-23 14:35:27,"","","","","","","",""
2012-11-02 18:15:31,"","","","","","","",""
2012-10-25 07:36:39,"","","","","","","",""
2012-10-27 20:01:02,"","","","","","","",""
2012-10-22 07:22:38,"","","","","","","",""
2012-10-23 09:34:08,"","","","","","","",""
2012-11-02 05:07:06,"",Other_Non_Natural_Environment,"","","","","",""
2012-10-30 07:00:31,"","","","","","","",""
2012-10-31 18:45:17,"","","","","","","",""
2012-10-30 16:36:57,"","","","","","","",""
2012-10-27 07:29:56,"","","","","","","",""
2012-11-04 00:16:48,"","","","","","","",""
2012-10-31 10:21:14,"",Other_Non_Natural_Environment,"","",Pass_On_Information,"","",""
2012-10-29 19:10:32,"","","","","","","",""
2012-11-04 11:34:22,"","","","","","","",""
2012-11-03 23:09:26,"","","","","","","",""
2012-10-30 14:32:53,"","","","","","","",""
2012-10-23 14:45:39,"","","","","","","",""
2012-10-26 19:13:14,"","","","","","","",""
2012-10-26 19:55:21,"","","","","","","",""
2012-10-29 14:02:27,"",Immediate_Personal_Environment,"",Power_For_Life,Seek_Information,"","",""
2012-11-05 16:16:36,"","","","","","","",""
2012-11-04 12:39:38,"","","","","","","",""
2012-11-03 21:36:37,"",Other_Non_Natural_Environment,"","","","","",""
2012-10-27 23:56:48,"","","","","","","",""
2012-11-03 21:01:18,"","","","","","","",""
2012-11-02 12:35:23,"","","","","","","",""
2012-10-29 12:47:12,"","","","","","","",""
2012-10-28 23:50:13,"","","","","","","",""
2012-10-30 08:59:37,"","","","","","","",""
2012-10-23 23:19:37,"","","","","","","",""
2012-10-24 23:58:00,"","","","","","","",""
2012-10-28 19:50:21,"","","","","","","",""
2012-11-03 20:21:55,"","","","","","","",""
2012-11-05 09:48:03,"","","","","","","",""
2012-10-31 10:18:00,"",External_Natural_Environment,"","","","","",""
2012-10-22 12:19:41,"","","","","","","",""
2012-10-25 16:56:54,"","","","","","","",""
2012-11-06 21:56:30,"","","","","","","",""
2012-10-24 13:22:46,"","","","","","","",""
2012-11-04 09:54:45,"","","","","","","",""
2012-10-24 06:12:01,"","","","","","","",""
2012-11-03 18:13:50,"","","","","","","",""
2012-11-06 16:58:03,"","","","","","","",""
2012-11-06 11:04:19,"","","","","","","",""
2012-10-30 15:08:33,"","","","","","","",""
2012-10-24 19:18:07,"","","","","","","",""
2012-10-29 10:39:44,"",Other_Non_Natural_Environment,"","",Pass_On_Information,Previous_Experience,"",""
2012-10-26 01:17:05,"","","","","","","",""
2012-10-29 12:25:19,"",What_Others_Are_Doing,"","","","","",""
2012-10-22 14:34:13,"","","","","","","",""
2012-10-29 08:21:06,"",Immediate_Personal_Environment,"","","","",Maintaining_Plans,""
2012-11-05 20:50:11,"","","","","","","",""
2012-11-05 22:20:58,"","","","","","","",""
2012-10-24 12:55:53,"","","","","","","",""
2012-10-29 10:37:43,"","","","","","","",""
2012-10-29 17:22:45,"","","","","","","",""
2012-10-23 10:49:18,"","","","","","","",""
2012-11-06 14:03:42,"","","","","","","",""
2012-11-05 18:36:40,"","","","","","","",""
2012-11-03 12:57:50,Excited,External_Natural_Environment,"","","","","",""
2012-10-29 16:23:29,"",Other_Non_Natural_Environment,"","",Pass_On_Information,"","",""
2012-10-29 10:27:07,"","","","","","","",""
2012-11-01 21:55:03,"","","","",Pass_On_Information,"","",""
2012-10-27 06:30:30,"","","","","","","",""
2012-10-29 10:08:32,"","","","","","","",""
2012-10-23 21:56:29,"","","","","","","",""
2012-11-04 18:01:53,"","","","","","","",""
2012-11-01 19:15:47,"","","","","","","",""
2012-10-24 18:45:24,"","","","","","","",""
2012-11-06 20:51:00,"","","","","","","",""
2012-10-29 09:48:44,"",What_Others_Are_Doing,"","","","","",""
2012-10-23 20:22:07,"","","","","","","",""
2012-10-30 06:53:48,"","","","","","","",""
2012-10-26 06:19:40,"","","","","","","",""
2012-10-29 20:29:45,"","","","","","","",""
2012-10-22 13:04:08,"","","","","","","",""
2012-10-26 17:32:44,"","","","","","","",""
2012-10-25 04:58:44,"","","","","","","",""
2012-10-29 10:51:37,"","","","","","","",""
2012-11-05 21:29:14,"","","","","","","",""
2012-11-03 14:39:57,"","","","","","","",""
2012-10-30 14:52:52,"","","","","","","",""
2012-11-03 08:57:14,"","","","","","","",""
2012-10-28 13:12:05,"","","","","","","",""
2012-10-24 11:46:24,"","","","","","","",""
2012-11-06 09:05:15,"","","","","","","",""
2012-11-02 20:38:04,"","","","","","","",""
2012-10-31 13:14:41,"","","","","","","",""
2012-11-03 16:56:27,"",What_Others_Are_Doing,"","","","","",""
2012-11-01 17:58:53,"","","","","","","",""
2012-10-28 16:17:08,"","","","","","","",""
2012-11-03 17:13:56,"","","","",Pass_On_Information,"","",""
2012-10-29 20:37:32,"",External_Natural_Environment,"","","","","",""
2012-11-04 15:48:51,"","","","","","","",""
2012-10-25 13:33:35,"","","","","","","",""
2012-11-05 18:55:24,"","","","","","","",""
2012-10-24 06:38:16,"","","","","","","",""
2012-11-02 21:50:20,"","","","","","","",""
2012-10-29 10:51:09,"","","","","","","",""
2012-11-06 11:28:35,"","","","","","","",""
2012-11-03 18:09:53,"","","","","","","",""
2012-10-30 22:34:44,"","","","","","","",""
2012-11-03 21:00:35,"","","","","","","",""
2012-10-28 07:37:36,"","","","","","","",""
2012-11-03 08:57:44,"",What_Others_Are_Doing,"","",Pass_On_Information,"","",""
2012-10-27 10:25:19,"","","","","","","",""
2012-11-02 06:00:39,Positive_Coping,What_Others_Are_Doing,"",Power_For_Life,"","","",""
2012-10-29 13:07:50,"","","","","","","",""
2012-10-24 11:19:00,"","","","","","","",""
2012-10-30 18:23:52,"","","","","","","",""
2012-10-23 07:12:20,"","","","","","","",""
2012-10-24 00:12:09,"","","","","","","",""
2012-11-04 19:08:51,"","","","","","","",""
2012-10-27 17:29:31,"","","","","","","",""
2012-11-04 18:37:32,"","","","","","","",""
2012-10-29 15:21:47,"","","","","","","",""
2012-10-24 21:41:23,"","","","","","","",""
2012-11-04 14:04:12,"","","","","","","",""
2012-11-02 13:34:51,"","","","","","","",""
2012-10-26 10:35:01,"","","","","","","",""
2012-10-31 12:29:44,"","","","","","","",""
2012-10-30 17:19:30,"","","","","","","",""
2012-11-05 20:56:30,"","","","","","","",""
2012-10-28 09:46:43,"",Immediate_Personal_Environment,"","","","",Maintaining_Plans,""
2012-11-02 00:40:09,"","","","","","","",""
2012-11-05 20:49:24,"","","","","","","",""
2012-11-01 15:50:19,"","","","","","","",""
2012-10-26 08:46:39,"","","","","","","",""
2012-10-31 12:44:49,"","","","","","","",""
2012-11-05 11:24:30,"","","","","","","",""
2012-11-06 22:38:42,"","","","","","","",""
2012-11-01 18:18:48,Positive_Coping,"","",Supplies,Pass_On_Information,"","",""
2012-10-28 03:35:30,"","","","","","","",""
2012-10-24 20:09:01,"","","","","","","",""
2012-10-25 14:49:23,"","","","","","","",""
2012-11-03 08:44:44,"","","","",Pass_On_Information,"","",""
2012-11-06 22:45:46,"","","","","","","",""
2012-10-29 19:52:58,Worried,Other_Non_Natural_Environment,Move_Somewhere_Safer,"","","","",""
2012-11-02 08:22:39,Frustrated,"","","","","","",""
2012-10-26 19:03:48,"","","","","","","",""
2012-11-03 09:04:51,"","","","",Pass_On_Information,"","",""
2012-10-28 15:49:23,"","","","","","","",""
2012-10-24 17:43:21,"","","","","","","",""
2012-10-22 14:14:05,"","","","","","","",""
2012-11-02 00:20:00,"","","","","","","",""
2012-10-29 17:47:29,"","","","","","","",""
2012-11-05 16:43:14,"","","","","","","",""
2012-10-23 23:59:03,"","","","","","","",""
2012-10-29 16:03:57,"","","","","","","",""
2012-10-29 17:48:30,"","","","","","","",""
2012-10-29 12:32:23,Frustrated,"","","","","",Changing_Plans,""
2012-10-23 12:41:12,"","","","","","","",""
2012-10-31 17:04:38,"","","","","","","",""
2012-11-03 21:03:37,"","","","","","","",""
2012-11-06 21:47:57,"","","","","","","",""
2012-11-02 10:42:44,"","","","","","",Changing_Plans,""
2012-10-30 18:55:29,"","","","","","","",""
2012-11-06 22:37:01,"","","","","","","",""
2012-10-26 20:04:46,"","","","","","","",""
2012-11-06 07:15:56,"","","","","","","",""
2012-11-06 12:26:07,"","","","","","","",""
2012-10-28 14:51:44,"","","","","","","",""
2012-10-23 21:32:15,"","","","","","","",""
2012-11-03 13:06:41,"","","","","","","",""
2012-10-25 14:11:08,"","","","","","","",""
2012-11-02 06:57:59,"","","","","","","",""
2012-10-23 07:08:53,"","","","","","","",""
2012-10-28 22:22:04,"","","","","","","",""
2012-10-23 20:02:22,"","","","","","","",""
2012-10-25 22:36:24,"","","","","","","",""
2012-10-25 11:21:34,"","","","","","","",""
2012-10-25 09:20:57,"","","","","","","",""
2012-11-05 21:01:38,"","","","","","","",""
2012-11-05 13:25:55,"","","","","","","",""
2012-10-31 09:03:12,"","","","","","","",""
2012-10-26 03:03:49,"","","","","","","",""
2012-11-02 09:11:08,Frustrated,"","","","","","",""
2012-11-06 22:15:04,"","","","","","","",""
2012-10-22 12:11:44,"","","","","","","",""
2012-11-02 22:32:56,"","","","","","","",""
2012-10-29 16:20:43,"","","","","","","",""
2012-10-27 09:04:36,"","","","","","","",""
2012-11-01 19:07:55,"","","","","","","",""
2012-10-29 17:36:26,"","","","","","","",""
2012-11-02 22:20:53,"","","","","","","",""
2012-10-22 19:27:57,"","","","","","","",""
2012-10-28 15:51:48,"","","","","","","",""
2012-10-24 10:54:29,"","","","","","","",""
2012-10-23 14:47:10,"","","","","","","",""
2012-11-01 09:51:45,"",What_Others_Are_Doing,"","","","","",""
2012-10-29 20:50:14,"","","","","","","",""
2012-10-31 10:26:46,"",External_Natural_Environment,"","","","","",""
2012-10-30 18:26:20,"","","","","","","",""
2012-11-01 21:12:51,"","","","","","","",""
2012-10-27 16:09:49,"","","","","","","",""
2012-10-24 16:39:16,"","","","","","","",""
2012-11-05 16:32:23,"","","","","","","",""
2012-11-06 23:48:44,"","","","","","","",""
2012-11-03 20:39:59,"","","","","","","",""
2012-10-25 14:10:25,"","","","","","","",""
2012-10-27 12:20:03,"","","","",Pass_On_Information,"",Maintaining_Plans,""
2012-10-29 18:45:23,"","","","","","","",""
2012-10-29 20:44:08,Humor,"","","",Seek_Information,"","",""
2012-10-27 19:31:17,"","","","","","","",""
2012-11-06 23:41:45,"","","","","","","",""
2012-11-04 00:10:46,"","","","","","","",""
2012-10-29 09:50:14,"",External_Natural_Environment,"","","","","",""
2012-11-04 13:00:15,"","","","","","","",""
2012-10-24 23:55:17,"","","","","","","",""
2012-10-29 23:08:59,Positive_Coping,"","","","","","",""
2012-10-29 16:25:50,Positive_Coping,External_Natural_Environment,"","",Pass_On_Information,"","",""
2012-10-26 19:47:29,"","","","","","","",Other
2012-10-22 16:53:38,"","","","","","","",""
2012-10-26 12:42:17,"","","","","","","",""
2012-11-03 15:03:09,"","","",Supplies,"","",Considering_Plans,""
2012-10-27 14:20:57,"","","","","","","",""
2012-10-25 17:09:08,"","","","","","","",""
2012-10-31 18:02:13,"","","","","","","",""
2012-10-29 19:56:16,Humor,Immediate_Personal_Environment,"",Power_For_Life,"","","",""
2012-10-31 15:42:22,"","","","","","","",""
2012-11-06 10:26:34,"","","","","","","",""
2012-10-29 15:12:32,"","","","","","","",""
2012-11-05 18:54:55,"","","","","","","",""
2012-11-05 15:45:16,"","","","","","","",""
2012-11-03 09:25:55,Positive_Coping,What_Others_Are_Doing,"","",Seek_Information,"","",""
2012-10-29 09:28:42,"","","","","","","",""
2012-11-03 13:03:20,"",Other_Non_Natural_Environment,"",Supplies,"","","",""
2012-10-24 20:08:56,"","","","","","","",""
2012-10-26 10:40:01,"","","","","","","",""
2012-10-28 15:54:53,"","","","","","","",""
2012-10-25 16:44:04,"","","","","","","",""
2012-10-30 22:51:13,Worried,"","","",Seek_Information,"","",""
2012-10-30 11:45:42,"","","","","","","",""
2012-11-05 14:28:13,"","","","","","","",""
2012-10-26 02:07:50,"","","","","","","",""
2012-10-29 10:03:53,"","","","","","","",""
2012-10-29 12:24:51,"","","","","","","",""
2012-11-05 09:48:52,Positive_Coping,"","","","","","",""
2012-11-06 23:52:59,"","","","","","","",""
2012-11-02 19:29:17,"","","",Booze,"","","",""
2012-11-06 22:25:10,"","","","","","","",""
2012-10-30 23:00:39,"","","","","","","",""
2012-10-30 13:53:00,"","","","","","","",""
2012-10-23 15:43:25,"","","","","","","",""
2012-11-05 06:20:21,"","","","","","","",""
2012-11-01 16:56:08,"","","","","","","",""
2012-10-28 19:10:47,"","","","","","","",""
2012-11-05 09:58:21,"","","","","","","",""
2012-10-29 22:50:21,"","","","","","","",""
2012-10-31 10:15:59,"",External_Natural_Environment,"","","","","",""
2012-10-29 14:19:12,"","","","","","","",""
2012-10-24 05:45:24,"","","","","","","",""
2012-10-30 18:55:00,"","","","","","","",""
2012-10-28 16:31:54,"","","","","","","",""
2012-11-06 21:33:48,"","","","","","","",""
2012-10-23 08:40:09,Humor,External_Natural_Environment,"","","","","",""
2012-11-04 08:34:12,"","","","","","","",""
2012-10-30 11:50:33,Frustrated,"","","","","","",""
2012-11-02 17:07:09,"","","",Booze,"","","",""
2012-10-25 11:40:22,"","","","","","","",""
2012-11-04 19:22:03,"","","","","","","",""
2012-10-27 15:19:31,"","","","","","","",""
2012-11-01 04:59:35,"","","","","","","",""
2012-10-28 10:54:44,"","","","","","","",""
2012-10-22 19:00:15,"","","","","","","",""
2012-10-29 15:55:23,"",Other_Non_Natural_Environment,"","","","","",""
2012-10-26 19:11:24,"","","","","","","",""
2012-11-05 16:17:38,"","","","","","","",""
2012-10-29 18:27:14,"","","","","","","",""
2012-10-23 06:15:09,"","","","","","","",""
2012-11-02 22:18:38,"","","","","","","",""
2012-11-02 18:08:32,"","","","","","","",""
2012-11-03 23:21:35,"","","","","","","",""
2012-10-27 11:02:58,"","","","","","","",""
2012-10-31 12:30:22,"","","","","","","",""
2012-11-05 22:21:18,"","","","","","","",""
2012-10-24 14:06:27,"","","","","","","",""
2012-10-31 22:26:25,"","","","","","","",""
2012-11-02 05:59:17,"","","","","","","",""
2012-11-05 09:29:02,"","","","","","","",""
2012-11-04 14:50:24,"","","","","","","",""
2012-10-29 19:04:35,"",Immediate_Personal_Environment,"","","","","",""
2012-10-28 17:34:44,Frustrated,"","","","","","",""
2012-11-06 22:30:01,"","","","","","","",""
2012-10-27 00:28:55,"","","","","","","",""
2012-11-02 19:32:41,"","","",Booze,"","","",""
2012-10-26 07:06:11,"","","","","","","",""
2012-10-30 13:01:12,"","","","","","","",""
2012-10-29 12:20:53,"",Other_Non_Natural_Environment,"","","","","",""
2012-11-06 11:23:02,"","","","","","","",""
2012-10-28 10:05:20,"","","","","","","",""
2012-10-26 23:57:56,"","","","","","","",""
2012-10-28 15:15:36,"","","","","","","",""
2012-10-25 13:33:11,"","","","","","","",""
2012-10-26 13:13:23,"","","","","","","",""
2012-10-31 12:39:42,"","","","","","","",""
2012-10-24 16:02:12,"","","","","","","",""
2012-10-26 07:35:54,"","","","","","","",""
2012-11-02 16:19:33,Positive_Coping,"","","",Pass_On_Information,"","",""
2012-11-06 15:14:20,"","","","","","","",""
2012-10-29 18:49:50,Settled,What_Others_Are_Doing,"","",Pass_On_Information,"","",""
2012-11-04 14:55:18,"","","","","","","",""
2012-10-29 20:22:26,"",External_Natural_Environment,"","","","","",""
2012-10-26 22:59:29,"","","","","","","",""
2012-11-05 07:31:11,"","","","","","","",""
2012-10-27 15:30:02,"","","","","","","",""
2012-10-30 08:56:44,"","","","","","","",""
2012-11-03 20:32:10,"","","","","","","",""
2012-11-06 10:19:02,"","","","","","","",""
2012-11-04 09:50:38,Positive_Coping,"","","","","","",""
2012-10-22 20:04:23,"","","","","","","",""
2012-11-02 11:50:02,Settled,"","",Power_For_Life,"","","",""
2012-10-28 10:34:50,"","","","","","","",""
2012-10-31 10:19:05,"",External_Natural_Environment,"","","","","",""
2012-10-27 09:14:59,"","","","","","","",""
2012-11-01 21:55:29,"","","","",Pass_On_Information,"","",""
2012-10-29 13:13:33,"","","","","","","",""
2012-10-29 17:47:34,"",External_Natural_Environment,"","","","","",""
2012-11-05 16:38:38,"","","","","","","",""
2012-10-27 11:00:37,"","","","","","","",""
2012-11-03 12:42:21,"","","","","","","",""
2012-10-28 13:32:49,"","","","","","","",""
2012-10-23 20:28:15,"","","","","","","",""
2012-10-24 22:52:13,"","","","","","","",""
2012-11-05 15:34:34,"","","","","","","",""
2012-10-26 17:32:10,"","","","","","","",""
2012-10-30 06:56:48,"","","","","","","",""
2012-11-06 22:00:18,"","","","","","","",""
2012-10-25 11:25:48,"","","","","","","",""
2012-11-01 23:15:43,Humor,"","","","","","",""
2012-11-06 19:55:19,"","","","","","","",""
2012-10-22 21:28:07,"","","","","","","",""
2012-11-02 09:13:49,Frustrated,"","","","","","",""
2012-11-02 12:31:49,"","","","","","","",""
2012-11-03 11:31:50,"","","",Supplies,Pass_On_Information,"","",""
2012-10-29 12:25:35,Humor,"","","","","","",""
2012-10-30 03:17:03,"","","","","","","",""
2012-10-29 14:39:09,Positive_Coping,"","",Supplies,"","","",""
2012-10-27 12:20:21,Excited,"","","",Pass_On_Information,"",Changing_Plans,""
2012-11-02 14:26:43,"","","","","","","",""
2012-10-27 11:54:04,"",External_Natural_Environment,"","","","","",""
2012-11-05 18:46:09,"","","","","","","",""
2012-10-22 21:04:58,"","","","","","","",""
2012-10-28 10:46:26,"","","","","","","",""
2012-10-23 11:37:07,"","","","","","","",""
2012-10-27 15:39:24,Humor,"","",Supplies,"","","",""
2012-10-25 11:31:39,"","","","","","","",""
2012-10-22 12:52:21,"","","","","","","",""
2012-10-29 18:31:28,"","","","",Pass_On_Information,"",Considering_Plans,""
2012-10-23 10:45:46,"","","","","","","",""
2012-10-24 22:18:44,"","","","","","","",""
2012-10-27 11:14:01,"","","","","","","",""
2012-11-05 06:38:50,Positive_Coping,"","","","","","",""
2012-10-24 08:08:38,"","","","","","","",""
2012-10-28 23:36:43,"","","","","","","",""
2012-10-28 12:12:56,"","","","","","","",""
2012-10-22 13:27:34,"","","","","","","",""
2012-10-27 12:24:33,"","","","","","","",""
2012-10-25 16:37:10,"","","","","","","",""
2012-10-29 20:45:58,"","","","","","","",""
2012-11-06 19:32:44,"","","","","","","",""
2012-11-01 11:24:26,"","","","","","","",""
2012-11-04 10:19:58,"","","","","","","",""
2012-10-25 16:24:55,"","","","","","","",""
2012-10-24 15:19:27,"","","","","","","",""
2012-10-27 09:57:01,"","","","","","","",""
2012-10-30 04:05:51,"","","","","","","",""
2012-10-24 21:50:33,"","","","","","","",""
2012-10-24 05:22:47,"","","","","","","",""
2012-10-27 16:11:39,"","","","","","","",""
2012-10-31 14:27:15,"","","","","","","",""
2012-11-04 09:58:18,Excited,Immediate_Personal_Environment,"","","","","",""
2012-10-29 19:43:25,"","","",Booze,"","","",""
2012-11-03 15:28:14,"","","","","","","",""
2012-11-04 18:58:43,"","","","","","","",""
2012-10-28 13:52:25,"",What_Others_Are_Doing,"","",Seek_Information,"","",""
2012-11-06 22:29:38,"","","","","","","",""
2012-10-26 12:21:10,"","","","","","","",""
2012-10-23 06:49:26,"","","","","","","",""
2012-10-30 11:32:18,Frustrated,Immediate_Personal_Environment,"","","","","",""
2012-10-29 10:09:50,"","","","","","","",""
2012-10-29 22:30:58,"","","","","","","",""
2012-11-04 12:06:35,"","","","","","","",""
2012-11-05 21:35:28,"","","","","","","",""
2012-10-26 06:11:46,"","","","","","","",""
2012-10-29 22:37:52,"","","","","","","",""
2012-10-30 19:02:16,"","","","","","","",""
2012-10-29 16:15:44,"",What_Others_Are_Doing,"","","","","",""
2012-11-05 14:14:07,Positive_Coping,"","","",Pass_On_Information,"","",""
2012-10-22 14:57:40,"","","","","","","",""
2012-10-22 16:30:24,"","","","","","","",""
2012-10-30 13:05:21,"",Other_Non_Natural_Environment,"","","","","",""
2012-11-01 18:34:05,"","","","","","","",""
2012-11-06 21:18:03,"","","","","","","",""
2012-11-04 19:53:31,"","","","","","","",""
2012-11-05 09:01:16,"","","","","","","",""
2012-10-23 08:54:51,"","","","","","","",""
2012-10-29 21:44:46,Frustrated,"","","","","","",""
2012-10-28 15:56:44,"","","","","","","",""
2012-10-24 21:59:32,"","","","","","","",""
2012-10-25 15:12:14,"","","","","","","",""
2012-10-31 00:41:59,"",External_Natural_Environment,"","","","","",""
2012-11-06 16:36:28,"","","","","","","",""
2012-10-28 15:17:43,"","","","","","","",""
2012-10-27 23:57:53,"","","","","","","",""
2012-10-28 12:15:31,"","","","","","","",""
2012-11-04 06:29:09,"","","","","","","",""
2012-11-05 20:20:58,"","","","","","","",""
2012-10-29 14:15:21,"","","","","","","",""
2012-10-25 15:18:01,"","","","","","","",""
2012-10-25 10:00:29,"","","","","","","",""
2012-10-30 22:44:43,"","","","","","","",""
2012-11-01 10:58:22,Positive_Coping,"","","","","","",""
2012-11-04 06:31:22,"","","","","","","",""
2012-10-29 23:59:04,"","","","","","","",""
2012-10-26 23:23:56,"","","","","","","",""
2012-10-24 13:42:43,"","","","","","","",""
2012-10-28 14:54:17,Positive_Coping,"","","",Pass_On_Information,"","",""
2012-11-03 11:48:26,"","","","","","","",""
2012-10-30 09:58:01,"","","","","","","",""
2012-10-26 10:53:00,"","","","","","","",""
2012-11-05 20:30:03,"","","","","","","",""
2012-11-02 18:09:14,"","","","","","","",""
2012-10-28 22:34:00,"","","","","","","",""
2012-10-28 16:55:10,"","","","","","","",""
2012-11-05 19:49:30,"","","","","","","",""
2012-10-25 16:05:43,"","","","","","","",""
2012-11-03 09:39:25,"","","","","","","",""
2012-11-04 15:04:37,"","","","","","","",""
2012-10-22 12:49:21,"","","","","","","",""
2012-10-29 18:52:22,"",Other_Non_Natural_Environment,"","","","","",""
2012-11-04 03:58:15,"","","","","","","",""
2012-10-26 14:51:47,"","","","","","","",""
2012-10-30 05:22:01,"","","","","","","",""
2012-10-23 07:00:30,"","","","","","","",""
2012-10-30 16:58:51,"","","","","","","",""
2012-10-23 07:36:09,"","","","","","","",""
2012-11-05 06:03:36,"","","","","","","",""
2012-11-03 19:38:24,"","","","","","","",""
2012-10-28 08:36:31,"",What_Others_Are_Doing,"","",Pass_On_Information,"","",""
2012-10-29 22:49:22,"","","","","","","",""
2012-11-04 18:26:08,"","","","","","","",""
2012-11-06 22:46:47,"","","","","","","",""
2012-10-28 00:09:45,"","","","","","","",""
2012-10-29 12:25:53,"",External_Natural_Environment,"","","","","",""
2012-10-24 13:33:27,"","","","","","","",""
2012-11-06 21:22:56,"","","","","","","",""
2012-10-27 17:29:35,"","","","","","","",Other
2012-10-31 20:14:53,"","","","","","","",""
2012-11-03 21:01:06,"","","","","","","",""
2012-11-04 00:54:07,"","","","","","","",""
